名字,公司,介绍,公司,地址,身份证,时间,法人,注册金额,编号,网址
南方联合,深圳市南方联合移动通信设备有限公司,南方联合是一家智能手机制造商，拥有PCBA、研发、集成、生产、测试、销售自主品牌手机产业链条，与高通、联发科、展讯等公司建立了战略合作伙伴关系，致力于为客户提供自主独立品牌手机产品及服务。,深圳市南方联合移动通信设备有限公司,深圳市宝安区沙井街道马安山万安路132号A栋三楼,440306106217674,2012-05-09,苏再兴,2000万元人民币,9144030059567736X2,www.sumobile.cn
装库,吉林省装库家居产业研究院有限公司,装库是一个家居网购平台，通过聚合生产商、原创品牌、设计师等众多家居类产品及方案素材，依据百万真实户型、3D场景交互技术，为用户打造“网上有个家”，实现风格多样、物美质优、平价快捷的家居网购平台。,吉林省装库家居产业研究院有限公司,,220107000020196,2013-08-01,王敬,200万元人民币,91220101073609247K,www.zk-house.com
亿澳森,北京亿澳森环境工程有限公司,北京亿澳森环境工程有限公司是一家环境工程研发商。,北京亿澳森环境工程有限公司,北京市朝阳区高碑店乡半壁店村惠河南街1005号22幢二层202,110105013089198,2010-07-30,占金松,1000万元人民币,911101055585069400
鸡窝网,北京元苡佰科技有限责任公司,北京元苡佰科技有限责任公司致力于智能手机配件研发、改善手机用户的使用体验、打造手机配件的顶级品牌、整合手机配件市场。公司下设技术部、研发部、产品部、运营部、市场部、等，团队成员行业内工作经验平均达10年以上。,北京元苡佰科技有限责任公司,北京市通州区永乐店镇柴厂屯村东（联航大厦）1-549号,110112019125769,2015-05-18,王剑锋,123.4568万元人民币,911101123355964918,www.ijowo.com
神目科技,深圳神目信息技术有限公司,神目科技是一家计算机视觉公司，主要以人脸识别，姿态识别、物体识别等核心算法在安防、零售以及移动手机端落地服务。神目科技在国内的落地应用场景为有三类：智慧城市、智慧旅游以及基于手机的人脸识别API。智慧城市的落地主要由其子公司武汉神目和烽火科技集团联合成立的合资公司幻视智能负责。,深圳神目信息技术有限公司,深圳市龙华区观湖街道松元厦社区虎地排117号锦绣大地7号楼401，深圳市南山区南山街道南山大道新绿岛大厦 3 楼3B06,440300280076628,2017-11-17,JINGFENG LIU,114.2857万元人民币,91440300MA5EUGYW4W,deepcam.com
易裁3Dclo,上海易裁信息技术有限公司,易裁3Dclo是一个基于3D技术的高级成衣定制平台。通过身体数据硬件扫描，建立三维模式，应用曲面展平技术结合制版技术，为用户提供互联网成衣定制量体、免试穿和消费体验等。,上海易裁信息技术有限公司,上海市静安区中山北路470号5幢216室,310106000275497,2015-08-13,沈艳,800万元人民币,91310106351147688H
北京立方天地科技,北京立方天地科技发展有限责任公司,北京立方天地科技已成为国内唯一的PIV系统生产商，隶属于北京立方天地科技发展有限责任公司，该公司的业务范围涵盖有PIV技术相关的设备生产、销售、使用、维护到客户订制方案的解决。高素质的研发团队保证用户可以不断拥有采用国际一流PIV技术开发所得各种产品。,北京立方天地科技发展有限责任公司,北京市朝阳区管庄西里（建材机械厂厂区）54号楼217室,110115004927029,2002-10-18,谢铁柱,200万元人民币,91110105743319100C,www.piv.com.cn
景尚科技,深圳市景尚科技有限公司,深圳市景尚科技有限公司成立于2011年，由国内外专业团队联合创办的高科技企业。致力于半导体设备开发、生产、并为客户提供高效率与高质量的测试服务，助力国内集成电路的快速发展与国家工业4.0发展战略,深圳市景尚科技有限公司,深圳市龙岗区坂田街道五和大道5022号亚莲好时达工业厂区厂房二栋四楼西侧,440306106246515,2012-05-18,龙朝晖,1519.6928万元人民币,9144030059676932XD
炼道科技,炼道科技（上海）有限公司,炼道科技是一家高精地图研发商，专注于打造高度自动化的地图数据生产流程，和基于视觉技术的地图众包生产和更新模式，从而实现高精地图中静态元素、动态事件的实时更新。致力于为自动驾驶车辆提供了高精度定位、环境感知和路线规划等核心能力，并可在部分传感器失效时提供基础感知保障。,炼道科技（上海）有限公司,上海市徐汇区田林路487号27号楼1层16号工位,,2018-06-01,李东旻,100万元人民币,91310104MA1FRD6M3B
天辰信息技术,唐山天辰信息技术有限公司,唐山天辰信息技术有限公司是一家从事工业4.0应用产品，数据采集、能源管理系统、物联网软件、硬件产品及配套流量仪表的高科技公司。,唐山天辰信息技术有限公司,唐山市丰南区经济开发区,130282000029638,2014-06-06,王世权,160万元人民币,911302823081697699,www.tianchen.com.cn
在柳州,柳州市广电新媒体有限公司,“在柳州”APP是一款由柳州市广播电视台自主开发，重点打造的新闻及生活便民类城市应用客户端，涵盖本地生活服务、政务服务、资讯、看视频、爆料互动等丰富内容。,柳州市广电新媒体有限公司,,450206000118790,2014-12-10,王中,1000万元人民币,91450200327393539D
神马股份,神马实业股份有限公司,"""神马实业股份有限公司属于纺织化纤行业,主要生产经营地毯用丝.公司是亚洲最大的帘子布生产基地,并具有涤纶帘子布、半钢丝帘子布、BCF地毯丝、工程塑料、橡胶轮胎等产品的研制、开发、生产能力,连续多年名列全国500家最大规模工业企业和全国500家最佳经济效益企业行列,1992年被国务院六部委评定为特大型企业。""",神马实业股份有限公司,河南省平顶山市建设中路６３号,410000100002580,1997-09-10,乔思怀,44228万元人民币,91410000169972489Q,www.shenma.com
酷视网络,酷视网络软件（深圳）有限公司,酷视网络是一家研发的网络电视平台，于2010年在香港率先推出。透过互联网、电视机顶盒，提供一个全新的高清节目互动平台，将网络与电视结合起来，让用户随时随地通过点播、直播，享受精彩内容。,酷视网络软件（深圳）有限公司,深圳市罗湖区莲塘国威路第一工业区124栋五楼A,440301503354370,2009-07-14,崔涛,100万港元,91440300687575424T,www.koolsee.com
博科维实业,上海博科维实业有限公司,上海博科维实业有限公司办公室地址位于中国大城市，魔都上海，中国（上海）自由贸易试验区富特西一路99号六层602-D3部位，于2014年11月18日在自贸区市场监督管理局注册成立，在公司发展壮大的4年里，我们始终为客户提供好的产品和技术支持、健全的售后服务，我公司主要经营从事计算机科技领域内的技术开发、技术咨询、技术服务、技术转让，电脑图文设计，从事货物及技术的进出口业务，商务咨询，企业管理咨询（以上咨询除经纪），电线电缆、音响设备、安防器材的销售、安全技术防范工程设计与施工。,上海博科维实业有限公司,"""上海市奉贤区南虹路5,9,15号5幢2597室""",310141000113397,2014-11-18,谢勇,500万元人民币,91310115323216674F,www.11467.com
皇岛主,亳州市四部客花茶销售有限责任公司,亳州市四部客花茶销售有限责任公司位于亳州中药材交易中心，创建于1995年，是国内规模中药材专业交易市场，该中心占地387亩，建筑面积35万平方米，拥有1000家中药材经营店面，上市品种4800余种，中药材年成交额达100多亿元。,亳州市四部客花茶销售有限责任公司,亳州市谯城区徐庙行政村五区5号,341600000163740,2016-05-18,韩杰,50万元人民币,91341600MA2MWA0P7P,www.hodozo.com
浙商保理,浙江省浙商商业保理有限公司,浙江省浙商商业保理有限公司是一家商业保理服务商。公司专业为企业提供贸易融资、销售分户账管理、客户资信调查与评估、应收账款管理与催收、信用风险担保等保理服务，是目前国内综合实力位居行业前列的商业保理商之一。,浙江省浙商商业保理有限公司,杭州市江干区新业路8号华联时代大厦A幢2302室,330000000071614,2013-11-08,吴晓明,30000万元人民币,91330000082914606H,www.zsfactoring.com
宝宝玩什么,麒麟睿泉科技（北京）有限公司,“宝宝玩什么”是麒麟睿泉科技（北京）有限公司旗下儿童玩具租赁平台。平台所展示的玩具经过买手的精挑细选，平台意在为繁忙的妈妈减轻照顾孩子的负担。,麒麟睿泉科技（北京）有限公司,北京市朝阳区望京西路甲50号1号楼7层（新企航孵化器1745号），北京市朝阳区来广营乡来广营西路28号内二层1135室,110105016027270,2013-06-27,郁斌,1000万元人民币,91110105071689810D,www.bbwsm.com
一二一军创,成都一二一军创文化传播有限公司,成都一二一军创是由退役军人发起、国内首家专业为退役军人提供创就业系统性解决方案及全要素深度服务的公司。公司以领先科技和创新服务为先导，致力于打造退役军人全生命周期智慧服务平台，成为卓越的军创全生态链产业集团。,成都一二一军创文化传播有限公司,四川省成都市天府新区华阳街道广福东寺社区22栋1层104号,510110000029931,2015-09-10,邹平,500万人民币,91510100MA61R02760,house.china.com.cn
信华科技,北京信华时代科技有限公司,信华科技致力为政府打造新兴智慧旅游管理体系，促进行业的由分散到集中，由项目制到运营制，用大数据决策，打造旅游产业链条的融合。以终端消费者为中心提供一站式线上线下服务，将个性化、定制化及价值体验为转型的核心方向。,北京信华时代科技有限公司,西安市未央区六村堡关庙村108号绕城高速24公里处汉城服务区内,110108020527827,2011-07-13,哈文峰,588.2353万元人民币,91110108MA00330X18,www.suitaquba.com
普莱信智能,东莞普莱信智能技术有限公司,普莱信智能是一家在高端设备领域拥有底层共性技术的平台型公司。,东莞普莱信智能技术有限公司,东莞市东坑镇角社新村路13号3楼,441900004523030,2017-11-15,孟晋辉,625万元人民币,91441900MA5110KP46,www.plxcn.com
科大国盾,科大国盾量子技术股份有限公司,科大国盾率先在量子通信领域深耕细作，经过近10年的探索和实践，已成长为全球领先的量子通信设备制造商和量子安全解决方案供应商，是量子通信产业化的开拓者、实践者和引领者。,科大国盾量子技术股份有限公司,合肥市高新区望江西路800创新产业园D3楼1、3、4、5、6、7层,340106000030885,2009-05-27,赵勇,6000万元人民币,9134010068976734XU,www.quantum-info.com
游够天下,北京游够天下国际旅行社股份有限公司,,北京游够天下国际旅行社股份有限公司,未知,110105013220403,未知,贺振斌,4000万元人民币,911101055620988399,www.51yougo.com
广宇发展,天津广宇发展股份有限公司,天津广宇发展股份有限公司是一家主要从事房地产开发及商品房销售的公司，属房地产开发与经营业。公司主要从事房地产开发、商品房销售、物业管理以及对住宿酒店及餐饮酒店投资等业务。,天津广宇发展股份有限公司,天津开发区第三大街16号泰达中心,120000000002890,1986-03-05,周悦刚,186252.072万元人民币,9112000010310067X6,www.gyfz000537.com
高尔夫迷,北京高迷天下商贸有限公司,“高尔夫迷”是目前国内首款集合新闻、评测、教学内容与二手杆购买的综合性应用。每日同步官网发布最新相关资讯及二手杆信息，并具有完整的商品购买及管理功能，帮助您实时了解商品信息及订单状态。,北京高迷天下商贸有限公司,北京市朝阳区三间房乡西柳村中街（三间房动漫集中办公区3498号）,110105012695193,2010-03-17,祁炳坤,100万元人民币,91110105551358500R,www.golfme.cn
南京天河石信息科技,南京天河石信息科技有限公司,软件市场发展成熟，市场规模大。虽然目前市场上提供软件开发相关服务的公司很多，但基本上采用的是以人工开发为主的传统模式，为客户开发的软件不仅收费高，开发周期长，而且质量难以保证，加大了企业信息化建设的风险。,南京天河石信息科技有限公司,南京市建邺区嘉陵江东街18号04幢2层,320105000208232,2014-09-11,JIM JINPENG XIE,100万元人民币,,www.aroundmobiles.com
缪斯智能珠宝,深圳缪斯智能珠宝有限公司,缪斯智能珠宝是一家智能珠宝设计的生产商，以一线奢侈品珠宝设计与工艺为标准，打造出时尚系列、老人系列、朋克系列三大系类，满足不同人群的个性需求。曾与施华洛世奇合作。,深圳缪斯智能珠宝有限公司,深圳市前海深港合作区前湾一路1号A栋201室（入驻深圳市前海商务秘书有限公司）,440306115239113,2016-03-07,吴晓斌,500万元人民币,91440300MA5D821M33
有客,北京创知网络营销技术有限公司,有客是一款基于微信平台的移动端商家营销工具，为商家开发了一个可以交易、支付、展示店铺信息的微信公众号，但有客会打造一个工具，嵌套在商家没有交易、支付功能的微信公众号里。,北京创知网络营销技术有限公司,北京市海淀区志新村16号楼2层201室,110108016995115,2014-04-09,陈琪,10万元人民币,911101080973118082,www.crknow.com
安诺凯,台州安诺凯生物科技有限公司,台州安诺凯生物科技有限公司是一家生物医疗科技研发服务商。致力于服务中国广大女性健康，通过科学严谨的分析研究开发出在HPV病毒治疗、妇科康复等领域具有创新性的产品方案，满足不断提升的医疗需求，为中国及全球的患者带来可信赖的创新药物和治疗产品。,台州安诺凯生物科技有限公司,台州市市府大道西段618号(浙江大学台州研究院3号楼216室),331001000004865,2016-11-18,王丽江,65万元人民币,91331001MA28GWCB9L,annuocare.com
智途北斗,湖北智途北斗空间信息技术有限公司,智途北斗是一家地理信息系统开发及应用服务提供商，主营业务模式为移动互联全空间信息技术和行业应用。其中，移动互联是指移动互联网与移动GIS平台；全空间信息技术则是指除了原有的GPS定位到北斗定位（及北斗短报文技术），从野外/室外定位延伸到室内及井隧道定位（导航定位与indoor GIS），从地面GIS到与航空遥感低空无人机数据服务结合。,湖北智途北斗空间信息技术有限公司,武汉市东湖新技术开发区光谷世界城三期F地块9号楼2层9248号,420100000694936,2016-10-14,何祥伟,1000万元人民币,91420100MA4KNTUG9L,www.sinogeoscience.com
壹天讯科技,深圳市壹天讯科技有限公司,壹天讯致力于为广大的彩民朋友搭建最专业、安全、快捷的网络代购、资讯平台。所销售彩种全部拥有彩票中心授权，并受彩票中心监管，彩民投注数据全部入彩票中心机房数据库，隶属于深圳市壹天讯科技有限公司。,深圳市壹天讯科技有限公司,深圳市南山区高新南一道002号飞亚达科技大厦18层西,440301104932583,2006-03-09,袁金南,6222.2222万元人民币,91440300785290529J,www.ecp888.com
黛薇尔,成都宏钧国际贸易有限公司,成都宏钧国际贸易有限公司旗下DAIVAL黛薇尔是国内资深的增发补发公司，本公司理念是我们要头发，要形象，更要健康，让您头发多起来，形象好起来。与美国USA HJInternationalinc 公司、广州发大夫发妆品有限公司联合推出智能绿色健康增发系统，增发、补发、织发、假发+生发、白发转黑，双重齐下，针对任何类型的脱发，男女性脂溢性脱发，地中海，M型，斑秃，都可以解决。,成都宏钧国际贸易有限公司,四川省成都市天府新区华阳街道华阳大道一段33号阳光华庭1栋1单元1层3号,510110000123239,2017-07-11,许红梅,500万人民币,91510100MA6DE9EW15,www.hairdvr.com
绝策科技,杭州绝策科技有限公司,绝策科技是一家从事企业车联网服务的中外合资科技公司，专注于利用连接（Connect）、移动（Mobile）和智能（Intelligence）来服务于客运公司，把传统的日常运营转变为数据驱动的分析、预测和决策，建立一个高效的客运经营模式。,杭州绝策科技有限公司,杭州市余杭区仓前街道文一西路1500号6幢4单元401-1室,330100400057318,2015-12-22,余珂,400万元人民币,91330100MA27WJL31D,www.solodream.com
欧立方,北京欧立方网络信息科技股份有限公司,欧立方是一家新三板公司服务提供商，为新三板挂牌企业及拟挂牌公司提供推荐辅导、市值管理、定增融资、股权质押、并购重组等全产业链的资本服务，是集互联网新媒体、互联网投行为一体的新三板资本运营服务平台。,北京欧立方网络信息科技股份有限公司,北京市朝阳区望京园603号楼9层1002,110105019883366,2015-09-14,程晓明,3600万元人民币,91110105358354436H,www.mystockbook.cn
直接送,直接送（厦门）信息技术有限公司,直接送生活服务站是为零售门店提供的具有全新“互联网+”特性的配套解决方案。我们为线下零售门店提供整体升级转型服务，将商店打造成能够全方位辐射周边社区的便民生活服务平台。,直接送（厦门）信息技术有限公司,中国(福建)自由贸易试验区厦门片区翔云一路95号运通中心605单元之三V1区,350299200052029,未知,赖宣任,200万元人民币,91350200MA346MK49Q,www.zhijiesong.com
九洲医院,云南九洲医院有限公司,云南九洲医院是一所云南省二级综合医院，医院成立于2002年，原名云南九洲泌尿生殖专科医院。医院规划面积30000平方米，现有 面积12000平方米，开设有泌尿外科、男性科、妇产科、不孕不育科四大特色专科以及内科、外科、皮肤科、中医科、麻醉科、影像科、检验科、病理科等专业科室等。,云南九洲医院有限公司,云南省昆明市白云路235号,530000100019390,2003-09-24,陈金国,3000万元人民币,915300007535658236,www.6066888.com
金丝猴,上海金丝猴食品股份有限公司,上海金丝猴食品股份有限公司是从事糖果、巧克力、豆腐干食品专业化生产的拟上市企业。,上海金丝猴食品股份有限公司,,310225000069970,1994-04-08,张剑峰,36000万元人民币,913100001324484721
神仙与妖怪,杭州瀚隆网络科技有限公司,杭州瀚隆网络科技有限公司是一家集客户端游戏自主研发与运营为一体的技术企业，拥有一支创新、高效的精英团队。公司坚持 以游戏研发与运营为突破点，紧抓当前游戏市场大洗牌的机遇，确保产品质量，打造精品页游，抢占游戏市场份额，目前已经推出数款页游，当前热推的页游《神仙与妖怪》更是不断创造佳绩。,杭州瀚隆网络科技有限公司,,330104000269172,2015-02-15,胡晓,111万元人民币,9133010432822370XN
澳洲房产大全,北京新澳家投资顾问有限公司,北京新澳家投资顾问有限公司是一家北京新澳家投资顾问有限公司。澳洲房产大全是公司运营的一个微信公众号。关于在澳洲买房置业，你能想到的所有问题都能在这里找到。每天一篇原创专业文章，深度解析澳洲房产市场，把握价值规律，避免投资雷区。,北京新澳家投资顾问有限公司,北京市朝阳区朝外大街乙6号4层05119,110105018231546,2014-11-28,吴湘钰,100万元人民币,911101053182132844
共享装,安徽共享装科技有限公司,共享装是一家互联网家装服务平台，整合装修公司、装修工人、设计师、建材商、家居商等群体，提供一站式装修服务，服务涉及共享装修、无人建材超市、建材商品库报价、全屋整装、品牌团购、招标竞价等内容。平台具备3DVR全景、3D云设计、VR一体系统、AR采购等技术，助力装企、工人、建材商，用科技赋能装修产业。提供共享装修、无人建材超市、全国建材商品库询价、全屋整装、品牌团购、推单营销、招标竞价、装修设计、装修论坛、主材包、辅材包、拼团砍价等装修服务。,安徽共享装科技有限公司,安徽省合肥市庐阳区洪河路26号梦成大厦5楼503室,,2018-07-16,张广荣,5000万元人民币,91340100MA2RWQL987,www.gxz8.cn
乾元投资,吉林市乾元投资管理有限公司,吉林乾元金票据有限公司简称乾元是吉林省专业承做政府、企业融资的第三方金融机构，乾元主要业务包括：为（政府、企业）设立融资计划、融资募集、承兑汇票质押借款、抵押贷款、投资理财等，线上票据理财（金票据）。乾元专门为个人投资者、企业和银行等各方提供专业化的理财资讯服务，我们不仅是一个互联网金融资讯信息发布服务平台，也是一个专门为个人投资者及机构客户提供包括银行理财、基金、信托、券商、保险等全方位各类型理财业务的线上线下金融服务交易平台。,吉林市乾元投资管理有限公司,吉林省吉林市船营区解放中路昌茂花园A号楼7号网点,220200000109997,2014-09-09,李泓男,3000万元人民币,91220201316613911F,www.qianyuancaifu.com
飞提,广州快立提科技有限公司,飞提智能终端是一家智能外卖柜研发商。是以最后100米的配送提供解决方案为切入点，旨在为中高端写字楼和校园、社区打造高效、便捷、安全的智能终端提取服务的创新型项目。符合国家食物安全标准的储存功能，微保温功能，屏幕和移动端取餐功能，监控功能，具有微信/支付宝投餐、取餐，早餐预定商城，移动支付等功能。,广州快立提科技有限公司,"""广州市越秀区华乐路53,57号二楼全层自编A16房""",,2018-08-02,周思博,100万元人民币,91440101MA5C3HWH2C,www.feitione.com
阳光游戏,深圳阳光新宇网络科技有限公司,深圳阳光新宇网络科技有限公司（简称“阳光游戏”）是一家以互联网多平台、多终端游戏研发和运营为核心业务的综合性互联网数字娱乐企业。公司由江苏阳光集团投资并由多位互联网游戏行业知名人士共同创办。雄厚的资金基础、富有创新游戏设计理念的研发团队，加之营销经验丰富的运营团队，充分保证了阳光游戏在日趋发展变化的中国互联网游戏行业持续创新，并且不断推出符合玩家需求的各种类型的游戏。,深圳阳光新宇网络科技有限公司,深圳市南山区科技南12路010号中电照明大厦南3楼,440301106782185,2012-12-24,冯健,1780万元人民币,9144030006029600XT,www.ygjoy.com
天一时代影视,西安天一时代影视传媒有限公司,天一时代影视传媒是一家专注影视制作的机构，致力于影视剧，网络剧，小视频的制作。目前公司已有多部网络剧正在线上推出，广受好评。,西安天一时代影视传媒有限公司,,610133100008288,2010-09-03,广翔宇,500万元人民币,9161013356145431X4
钧捷科技,钧捷科技（北京）有限公司,公司座落于北京市中关村科技园昌平园区的新元科技园，现有人员92人，是一支高水平的技术研发与生产团队，拥有国务院特殊津贴的专家和高级工程师15人，本科以上及高级技工人才占80%，汽车行业专业人才占比达到95%。公司专注于智能驾驶关键传感器及系统领域，已申报智能驾驶关键技术相关知识产权43项，保障了技术独特性和唯一性，发起并制定智能驾驶关键技术国家标准3项，凭借关键技术对传统产业赋能的商业模式，设立了控股子公司，并筹备江苏控股子公司及深圳分公司，实现高技术产品产业化。,钧捷科技（北京）有限公司,北京市昌平区沙河镇昌平路97号7幢306,110117020370494,2015-12-15,余勇,2150万元人民币,91110117MA002H1C9K,www.junjietech.com
国益汇通,北京国益汇通信息技术有限公司,国益资本，业务涵盖互联网金融和传统金融，包括第三方财富管理、点对点金融平台、基金管理、借款集客平台、互联网征信、融资租赁、不良资产处置、互联网金融项目孵化器等，围绕着金融业的前端和后端、线上和线下，形成了开放共享的互联网金融生态圈。旗下包括：钱吧（互联网金融综合服务平台）；开心财富（第三方财富管理机构）；开心贷（借款集客平台）；锦融泰富（基金管理公司）；资产之家（不良资产门户）；国益汇诚（征信平台）；力和捷信（不良资产处置平台）。,北京国益汇通信息技术有限公司,北京市海淀区西北旺东路10号院东区12号楼B座4层401室,110108018813866,2015-03-27,臧建民,2000万元人民币,91110108339684069K,www.liandongqiche.com
杜曼遥控模型,深圳市新进宝科技有限公司,深圳市新进宝科技有限公司是专业研发、制造模拟舵机、数码舵机、机器人舵机、无刷舵机、大扭力舵机、锁尾舵机、全金属壳舵机、帆船舵机以及控制系统、机器人的厂商。我们的舵机系列主要用于遥控飞机、直升机、遥控车、遥控船、机器人等方面，是遥控模型的核心驱动部件。,深圳市新进宝科技有限公司,深圳市宝安区福永街道福海大道福海工业区14号,440306111230830,2014-09-02,刘国伟,10万元人民币,914403003117341243
寻梦森林,小孔成像（武汉）文化传播有限公司,寻梦森林成立于2018年7月，致力于打造2—12岁亲子家庭的沉浸式亲子儿童剧。,小孔成像（武汉）文化传播有限公司,武昌区洪山路二号湖北科教大厦C座611室,,2018-07-17,周闰,100万,91420106MA4L07WY4Y
立新出行,深圳市立新出行信息技术有限公司,立新出行是一家汽车后市场服务提供商。立新出行，专注于一站式汽车后市场服务，致力成为汽车企业的深度合作伙伴。立新出行，利用自身深厚的互联网运营经验和平台资源，集合国内众多经销店资深业务专家经验精髓，推出一款基于微信平台构建，结合智能道闸衍生的“经销商经营管理系统”。,深圳市立新出行信息技术有限公司,深圳市宝安区新安街道海旺社区N23卓越时代广场A座海天路15-1号2801,440300201445198,2017-06-14,汪巍,1000万元人民币,91440300MA5EKEKU9G,www.lixinchuxing.com
VeriCloud,成都威云科技有限公司,VeriCloud是一家视觉云计算服务商，致力于打造视觉云计算的生态系统，包括视觉云的工作平台、GPU计算平台、视觉云的协同平台、GPU人工智能物业管理。旗下有四大产品板块：3D工作云、人工智能建筑、VR云、IRAY秒渲云。,成都威云科技有限公司,成都高新区天府大道北段1700号3栋1单元6层609号,510109000507203,2014-11-20,沈光志,1000万元人民币,915101003946258463,www.vericloud.cn
久远新方向,四川久远新方向智能科技有限公司,四川久远新方向智能科技有限公司成立于2004年8月，注册资本10058.8万元，专业从事轨道交通、智能系统、物联网、信息安全的研发、销售、集成和服务，通过了ISO9001、ISO14001、OHSAS18001、ISO20000、ISO27001和CMMI5体系认证，是国家认定的高新技术企业、软件企业、进出口企业、创新型企业和省、市、区重点扶持企业、工业企业纳税百强企业、优秀高新技术企业。建立了成都城市轨道交通智能信息系统工程技术研究中心和四川省企业技术中心。公司拥有一支包括教授、研究员、高级工程师、博士、,四川久远新方向智能科技有限公司,成都高新区拓新东街81号天府软件园C6栋,5107002895487,2004-08-02,向生建,10058.8万元人民币,91510100765061366Q,www.fornew.com.cn
小牛接招,北京红云榜网络技术有限公司,小牛接招是一个大学生在线视频招聘服务平台，基于大数据做更精准的匹配，推送跟企业要求相关度更高的人才，同时将可能更符合求职者意向的企业和职位推荐给学生，北京红云榜网络技术有限公司旗下产品。,北京红云榜网络技术有限公司,北京市海淀区阜成路73号A座7层712,110108023223047,2017-04-05,殷彤,1000万元人民币,91110108MA00D7YK75,www.hongyunbang.net
波涛装饰,沈阳波涛装饰工程有限公司,主要经营：室内外装饰装修工程、建筑工程设计、施工；建筑材料、装饰材料、卫浴洁具、陶瓷制品、五金交电、家用电器、家具销售。,沈阳波涛装饰工程有限公司,,210112000135429,2017-03-09,褚宪成,150万元人民币,91210112MA0TWPDD5J
德林荣泽,神木德林荣泽能源运营股份有限公司,神木德林荣泽能源运营股份有限公司的主营业务为煤炭贸易，即煤炭的批发和销售。公司在煤炭行业景气度下行、资源禀赋不具竞争力、规模扩张潜力不强的背景下积极转型，布局线上线下共同结合的煤炭行业“互联网+”，现已研发完成互联网煤炭交易平台软件“煤老板”并上线运行，为煤炭买卖方、运输方等行业上下游及相关方提供信息服务和增值服务。公司主要产品有煤炭产品、互联网煤炭交易平台服务。,神木德林荣泽能源运营股份有限公司,陕西省榆林市神木市神木镇兴神路,612722100042257,2012-07-09,白子荣,3000万元人民币,91610800598796380J
景春网,上海景春商务咨询有限公司,景春网创立于2007年6月18日，区别于中国现有的综合型旅行网站，景春专注于庞大旅游市场中的细分市场—跟团旅游。目标是为中国旅游消费者提供最安全、最休闲和最实惠的跟团旅游产品。,上海景春商务咨询有限公司,上海市闸北区恒通路360号C1808室,310108000492811,2011-03-29,刘传军,200万元人民币,91310108572656048N,www.9chun.com
索提斯,昆明索提斯体育用品有限公司,体育用品公司。昆明索提斯体育用品有限公司是云南地区羽毛球项目影响力最大的综合性体育公司。公司有两大主营品牌：张松涛羽球俱乐部、高原羽毛球系列产品。,昆明索提斯体育用品有限公司,,530112100045570,2009-06-19,张松涛,100万人民币,91530112690855320C,www.zstyq.com
摩打食堂,广州摩打餐饮管理有限公司,摩打食堂是一个从事外卖订餐的网站。网站致力于为客户提供优质的外卖服务。旗下的海鲜盖饭是摩打的招牌之一，其中主要有6~8种新鲜的海鲜。隶属于广州摩打餐饮管理有限公司。,广州摩打餐饮管理有限公司,"""广州市海珠区新港东路618号、620号,会展南一路1号、3号401房号自编F403""",440103000256606,2016-01-20,陈雅雯,1000万元人民币,91440103MA59BJDE3H,MOTAFOOD
尚安停车,上海尚安停车场管理有限公司,尚安停车业务覆盖停车场解决方案输出、停车场规划设计、停车场投资投建等领域。尚安停车致力为停车场业主或运营商提供专业优质的管理服务，提高物业本身的形象，为业主提供优厚的投资回报，专注于为停车场业主或运营商打造量身定制的品牌停车场。,上海尚安停车场管理有限公司,上海市黄浦区南苏州路381号411A05室,310101000439665,2011-01-21,张圣哲,1000万元人民币,913101015680936848,www.forwell-parking.com
YOUMU家居,北京嘉禾中软科技有限公司,YOUMU是一个居家互联网综合服务平台，平台可以为用户提供包括建筑师等家居设计专业人才、建材批发商、安装维修工和清洁服务等人才和服务，用户可以在平台上找到几乎所有和家居生活相关的服务和专业人士。,北京嘉禾中软科技有限公司,北京市朝阳区朝新嘉园东里一区8号楼（成了未来孵化器0403号）,110105022127025,2016-09-29,罗磊,500万元人民币,91110105MA008JXQ5U,www.youmujiaju.cn
专注于软件应用开发及信息化服务,江西君和软件技术有限公司,"""这是一个 数据服务,移动互联网 领域的项目。""",江西君和软件技术有限公司,,360106210041807,2015-05-19,张钊,1050万元人民币,9136010634323196X0
笛梵,广州笛梵尔生物科技有限公司,笛梵是一个秀发洗护产品生产商。,广州笛梵尔生物科技有限公司,广州市白云区云城西路888号3504房,440111000768136,2015-03-09,曹朝栋,500万元人民币,91440111331325299C,www.1958difo.com
晶博源,深圳市晶博源科技有限公司,是一家专业的芯片应用开发、代理技术服务公司。公司专注于DVB-S/T/T2/C，OTT机顶盒，智能电视一体机等市场领域，为客户提供全面的技术支持和方案。我们拥有稳定、丰富的产品线，包括Availink、SunplusIT/ImmeSemi、FCI、VIVA、TOSHIBA等多条国际知名产品线。,深圳市晶博源科技有限公司,深圳市南山区粤海街道高新区社区高新南四道025号高新工业村A栋401-A01,440301108170349,2013-10-23,童静,1000万元人民币,91440300081273907Y
好朋友科技,深圳好朋友信息科技有限公司,深圳好朋友信息科技有限公司成立于2014年，是一家致力于提供专业、高效的矿石分拣设备和解决方案的服务商，公司的从业人员专业背景深厚，拥有矿山、软件、电子、图像处理及自动化专家团队，是一家在图像处理、快速分拣领域有着高新技术的成长型企业。公司研发的AWS100-C2S1型智能图像选矿机已申请多项发明专利、实用新型专利和软件著作权。该设备的推出改变了目前矿山行业选矿过程中长期以来使用大量人工进行手选的现状，能让您的选厂节约大量的劳动力成本并提升产能。,深圳好朋友信息科技有限公司,深圳市宝安区西乡街道万象新天6栋1单元701,440306111103792,2014-08-18,何鹏宇,500万元人民币,9144030031186819XE,www.18hpy.com
华然,福建华然有限公司,福建华然有限公司是国内企业数据营销及应用服务解决方案供应商，为企业提供品牌重塑、品牌运营、精准营销、行业+互联网解决方案与大数据应用服务。,福建华然有限公司,厦门市思明区高雄路20号匹克营运中心10层02单元,350200200101784,2016-05-06,张万军,5000万元人民币,91350200MA3483N209,www.yolepay.com
优go预约,南昌宅猫网络科技有限公司,"""2014年10月23日南昌宅猫网络科技有限公司成立,主营软件开发、技术转让、广告代理、网上贸易代理等业务。现公司把主要战略都聚集在软件的开发与推广，公司旗下有宅猫生活和优go预约俩款软件，宅猫生活是集点餐外卖、校园购物、兼职招聘、二手市场等为一体的APP，优go预约是一款提前预约美食，商家按时上菜的APP，最终都因资金短缺而失败。我们团队不是高管不是大牛，管理层是三个怀揣创业梦的应届生，技术团队是一位来自盛大网络的游戏开发领域有着7年经验的开发师和3位刚从计算机院校毕业的优秀生。""",南昌宅猫网络科技有限公司,江西省南昌经济技术开发区庐山中大道瀚林苑A#602,360108210015922,2014-10-23,程振旺,3万人民币,,暂未收录
酷6网,酷溜网（北京）信息技术有限公司,酷6网是目前中国具行业领导地位的视频网站和互联网新媒体。酷6网通过海量短视频和丰富的自制节目，不断为用户提供最新鲜、最有趣的视频内容，始终活跃在中国在线视频市场的最前沿。隶属于酷溜网（北京）信息技术有限公司。,酷溜网（北京）信息技术有限公司,北京市海淀区北四环西路9号8层818室-009号,110108009511608,2006-04-20,陈明峰,2000万元人民币,91110108788635174W,www.ku6.com
天一,广州天一营销咨询有限公司,"""天一是日化领域的品牌营销咨询管理公司，主要帮助客户解决企业战略、运营、组织、产品技术等方面的重大问题,提供品牌全方位传播推广系统服务，隶属广州天一品牌管理有限公司。""",广州天一营销咨询有限公司,,440104000036968,2008-08-07,曾俊,50万元人民币,914401066699959862,www.t1china.cn
要维修,上海修严信息技术服务有限公司,要维修是一个专注于，提供一站式维修服务的平台，目前支持的报修服务有，燃气灶维修，燃气热水器维修，电视机维修，洗衣机维修清洗，油烟机维修清洗，跑步机维修，挂式空调维修，中央空调维修，商用中央空调维修，冰箱维修，功放维修。,上海修严信息技术服务有限公司,上海市松江区泖港镇中厍路165号,310117003371574,2016-03-16,程佩霞,10万元人民币,91310117MA1J16980U,www.yaoweixiu.cn
唐贝网,山东云越网络技术有限公司,"""唐贝网（Tangbei.com）是母婴用品采购批发网站，专注于母婴行业。核心模式是“供应链B2B+需求链O2O""""管理电商平台，面向线下母婴店提供在线订货+O2O电商技术服务。链接品牌厂商、代理商、采购商、母婴门店、消费者和其它社会资源，打造母婴全行业生态链。目前全国入驻母婴门店5000多家，员工200余人。""",山东云越网络技术有限公司,济南市高新区新泺大街1166号奥盛大厦2号楼18层1801室,370105200065214,2012-04-25,朱恒冲,500万元人民币,91370100589939175N,www.muaijie.com
傲鲨智能,上海傲鲨智能科技有限公司,上海傲鲨智能科技有限公司成立于2018年4月，是一家基于外骨骼技术平台的机器人科技公司，主要针对B端工业市场提供外骨骼机器人产品和配套解决方案。工业市场包括制造业，建筑业，物流业、公共救援等领域，预计市场规模达千亿级。据创始人徐振华透露，傲鲨智能将于今年年中首发上肢外骨骼机器人，产品主要由上肢控制系统、肩部控制系统.、总控集成系统组成，为用户提供肩部、手臂、腰部智能化电助力。为了减轻工人的佩戴负担，傲鲨智能的研发团队将产品重量控制在了10公斤以内，甚至更轻。同时，续航时间则保持在八小时左右，而且其电池单元可更换。,上海傲鲨智能科技有限公司,上海市杨浦区纪念路8号1号楼310室,,2018-04-08,徐振华,121.2122万元人民币,91310110MA1G8NG87Q,ulsrobotics.h.baike.com
希如软件,北京希如软件科技有限公司,北京希如软件科技有限公司是一家专业承接软件项目的公司。,北京希如软件科技有限公司,北京市海淀区花园路13号11栋269室,110108014789218,2012-04-05,王秀清,70万元人民币,91110108593863820D,www.xirusoft.com
联势网络家信APP,上海联势网络科技有限公司,上海联势网络是一家提供家具家居O2O商务解决方案提供商，融合新兴电商渠道和传统门店终端销售渠道，为顾客提供更好的家居消费体验。,上海联势网络科技有限公司,上海市杨浦区长阳路1222号2层-8室,310110000660825,2014-02-17,李健,100万元人民币,913101100878191730,www.lianshikeji.cn
联软科技,深圳市联软科技股份有限公司,深圳市联软科技股份有限公司主营业务为信息安全技术的研究和产品解决方案的设计与开发，是一家综合型信息安全技术的研究、设计与开发相关产品（解决方案）的国家高新技术企业。公司主要产品有网络准入控制系统(UniNAC)、网络准入控制系统(UniNAC)、业务数据防泄露系统(UniBDP)、网间数据交换系统(UniNXG)、LV7000系列。,深圳市联软科技股份有限公司,深圳市南山区高新中区高新中一道9号软件大厦1001、1003室（办公场所）,440301102733826,2003-03-26,王志,4200万元人民币,914403007488576611,www.leagsoft.com
足球盛宴,圣甲虫软件开发（厦门）有限公司,足球盛宴是一款足球主题的网页游戏，圣甲虫软件开发（厦门）有限公司旗下产品。,圣甲虫软件开发（厦门）有限公司,厦门市集美区日新东路19号,350298200012426,2010-08-10,邱双双,2500万元人民币,913502005562316647,www.sanbeetle.com
微纳科技,杭州微纳科技股份有限公司,微纳科技是一家专注于提供智能人机交互和智控整体解决方案的研发商，主要向客户提供32位数据处理SoC系列芯片和2.4G/BLE/WiFi射频收发SoC系列芯片，智能遥控/人机交互核心算法、中间件和App以及云端后台数据服务，以及从遥控端、主机端到云端的智能遥控/人机交互整体解决方案。,杭州微纳科技股份有限公司,杭州市西湖区西斗门路3号天堂软件园A幢11楼F座,330108000056895,2010-06-01,姚嘉,1700万元人民币,91330100555181116C,www.nanosic.com
赛昉科技,上海赛昉科技有限公司,SiFive 作为 RISC-V 指令集和开源硬件的领导者，于2015年7月由 RISC-V 发明者所创立，是全球首家基于 RISC-V 定制化的半导体企业，在世界10个国家和地区设有分支机构，业已成为当前规模最大的 RISC-V 商业化公司。其高性能可定制化的 IP，全系列支持单核及多核，支持32位至64位处理器。SiFive 可以帮助 SoC 设计人员缩短产品上市时间，以及通过定制的开放式架构处理器内核降低成本，同时，使系统设计人员能够构建基于 RISC-V 的定制半导体，从而实现芯片优化。我们完善的生态体系和产品系列能够满足于不同客户的需求。,上海赛昉科技有限公司,中国(上海)自由贸易试验区张江路665号3层,,2018-08-24,Tao Xu,300万美元,91310115MA1K46BU0P,www.sifive-china.com
积趣互动,北京积趣网络科技有限公司,[关于积趣互动] 公司产品： 方向为智能办公系统，为团队和企业提供新型的智能化及网络化的高效办公应用。 公司其他业务 为客户提供互动创意、设计、开发、传播等互动营销方案。我们目前正在服务的客户包括国际知名运动饮料、国际奶粉、国际知名电器、国际知名的汽车品牌等等等等。 [公司可以提供] 来自各大4A及公关公司的同事； 无需打卡，宽松舒适的工作环境； 较有竞争力的薪酬及项目奖金； 大客户服务案例的积累； 每年至少一次的国内或国外旅游； 未来招聘选择漂亮单身妹子的优先权；,北京积趣网络科技有限公司,北京市朝阳区朝阳北路11号楼10层1单元1006,110105016186675,2013-08-15,周岳劲,100万元人民币,911101050766206441,www.cojoy.com.cn
博科思,西安博科思网络通信股份有限公司,"""致力于为电信运营商提供专业的通信网络技术服务,包括通信网络设计服务、通信网络工程服务、通信网络维护服务,同时代理销售通信网络设备。""",西安博科思网络通信股份有限公司,陕西省西安市高新区丈八一路1号汇鑫IBCC座8层04-08号,610100100060924,2006-07-24,秦拥军,1050万元人民币,9161013179165080XP,www.xabks.com
朗晖光电,北京朗晖光电科技有限公司,北京朗晖光电技术有限公司，50 人以下，注册资金 100 万，总资产 200 万，公司主要工作为产品开发，按照设计产品方案开发出主要搭载在无人机上的中距离激光雷达和用于无人驾驶的32/16线多线扫描三维成像雷达，同时利用已有的雷达设备为客户在公共事业、工厂自动化等领域提供智能解决方案。其产品：激光雷达器件与模组包括光学部件、APD 阵列器件和与 APD 探测器阵列结合的高增益阵列接收微模组，主要服务于激光雷达设备供应商。研发的产品包括：1）光学部件：满足单线激光雷达的激光准直镜头、超轻小型接收光学系统、满足多线激光雷达的多发射激光准直镜头、APD 阵列成像镜头。2）APD 阵列器件：研发满足多线激光雷达和凝视型成像激光雷达的 APD 阵列器件。3）高增益阵列接收微模组：研发 APD 单元与光学系统耦合的微模组，以及由微模组构成的微模组阵列。,北京朗晖光电科技有限公司,北京市海淀区上地信息路26号10层1015-83室,,2018-09-30,唐义,100万元人民币,91110108MA01EXMM44,www.longrays.com
亚克医用制品,亚克医用制品(北京)有限公司,亚克医用制品（北京）股份有限公司成立于1994年，是全国第一家自主生产医用缝合针线的专业厂家。公司的主要产品有“医用可吸收缝线”、“医用非吸收缝线”二大类，近三百个品种。各种规格的医用缝合线与医用缝合针经过有机搭配组合，形成了适用于“妇产、普外、眼科、骨科、心脏、整形、泌尿、口腔、显微及美容”等多学科、不同缝合部位的医用缝合针线系列产品。,亚克医用制品(北京)有限公司,北京市密云县兴源街11号,110000410076323,1994-03-08,王宏章,2000万元人民币,91110228600010632J,www.arc-medical.com.cn
精舞神州,精舞神州（北京）科技有限公司,精舞神州是一家MR混合现实人工智能技术公司，通过混合现实智能设备，即混合现实眼镜，创造一个更简单逼真的未来世界，把人类从电脑和手机屏幕中解放出来，可以在空气中完成想要完成的各种开发工作和娱乐。,精舞神州（北京）科技有限公司,北京市海淀区厢黄旗2号楼2层X06-814室,110108020580308,2016-01-21,高宽长,万人民币,91110108MA0038NW3E
艾贝丝特,深圳市爱婴国际健康科技有限公司,艾贝丝特源自美国，与台湾著名托育机构和国内知名教育企业合作办学，是一家立足于国内中高端社区，为0—3岁婴幼儿提供护理、早期教育融合课程，打造适宜婴幼儿快乐成长环境的专业幼托服务机构。[ 托育三大课程标准 ] 护理照顾标准：源自台湾严谨的护理照顾模式，标准化SOP操作规程；体格运动标准：婴幼儿运动课程体系，提升婴幼儿身体素质健康；心理人格标准：婴幼儿人格培养融入日常生活，培养婴幼儿心理健康。,深圳市爱婴国际健康科技有限公司,,,2018-08-06,陈刚,1000万元,91440300MA5F8RU83L,www.esdaycare.com
EGP,成都迈洛特科技有限公司,EGP是一家电子体育竞技平台。支持多种赛制，包括单败淘汰制、双败淘汰制、瑞士制、循环制等，支持前两种自动安排赛事；直接组建战队，在这里找寻队友，获得最佳搭档，开始辉煌旅程；实时获取行业人士动态消息，与明星战队对话未来可能性。,成都迈洛特科技有限公司,中国(四川)自由贸易试验区成都高新区吉泰三路8号1栋1单元8层2号,510109001046588,2017-03-14,陈其,20万元人民币,91510100MA6CLLE933,egpgame.com
晟融数据,河北晟融数据股份有限公司,河北晟融数据股份有限公司的主营业务是为用户提供数据处理服务、数据应用服务和数据平台运营。公司的主要服务是数据处理服务、数据应用服务和数据平台运营。,河北晟融数据股份有限公司,,130300000004571,2003-04-22,张红梅,1200万元人民币,91130301748488624G,www.sunreal.cn
吊丝科技,成都吊丝科技有限公司,成都吊丝科技有限公司，成立于2014年5月，目前公司规模1-49人，涉及领域主要为新媒体行业和手机游戏行业，专注于移动互联网服务。目前打造的公司品牌主要有“i路演”、“4Sgames”、“4S玩家”等等，其中“i路演”在新媒体行业中与各大互联网媒体协办了多种形式的线上线下路演活动。“4S玩家”专注于打造一个属于自己的明星粉丝团队，为手游做代言带动手游行业的发展。,成都吊丝科技有限公司,中国(四川)自由贸易试验区成都高新区天府大道中段1388号1栋5层555号,510109000438168,2014-04-28,龚天金,10万人民币,91510100098314613B,www.4stimes.com
七种美味,武汉七种美味科技有限公司,食享会是一个生鲜水果社交电商平台，提供配送服务，主要面向社区居民群体，通过共同购买、共同配送降级产品价格，旗下涵盖生鲜水果、厨房用品、家居生活、美妆日化等品类产品，用户可通过社区社群进行购买。,武汉七种美味科技有限公司,武汉市东湖新技术开发区光谷大道77号金融港后台服务中心基地建设项目一期1.1期展示中心1-2层Z36-40号,,2018-06-04,戴山辉,114.6969万元人民币,91420106MA4KYRUP73,www.shixh.com
要买车,上海运图贸易有限公司,要买车是一家汽车电商网站，从满足消费者购车需求着手，颠覆以往的购车环节及流程，为消费者提供一站式购车解决方案，上海运图投资有限公司旗下网站。,上海运图贸易有限公司,中国（上海）自由贸易试验区美盛路177号三幢5层547室,310000400763074,2015-03-13,卜广俊,2500万美元,91310000332397358F,www.yaomaiche.com
GO租车,深圳壹对壹分享科技有限公司,"""go租车(gozuche.cn) P2P租车平台，隶属于壹对壹分享（深圳）科技有限责任公司，是深圳第一家P2P在线租车平台，go租车是一个基于互联网技术的便捷的汽车共享平台，为乐于共享爱车的车主提供通过出租爱车带来的可观收益,让爱车的闲置时间变成现金的服务。同时，go租车为有租车需求的用户提供便捷、低价的就近租车服务。go租车是一个创始于深圳，立足华南，辐射全国的P2P租车平台，平台将车辆的闲置使用时间与驾客的用车需求整合起来，实现汽车使用价值最大化，并搭建起车主与驾客的诚信高效沟通的桥梁。""",深圳壹对壹分享科技有限公司,深圳市龙华新区民治街道梅龙路441号光浩国际中心27层c单元,440301111593343,2014-11-05,梁美成,1000万元人民币,91440300319522871W,www.gozuche.cn
楚云,昆明楚云科技有限公司,昆明楚云科技有限公司，成立于2014年11月，公司位于昆明市西山区融城优郡，是一家专业从事软件开发的企业，长期致力于各行业管理信息系统，网站，APP，微信等相关软件的开发。,昆明楚云科技有限公司,云南省昆明市盘龙区金星小区123幢1单元5层501号,530103100232296,2014-11-14,黎应云,100万元人民币,91530103323025763M,www.chuyuntech.com
协鑫新能源,协鑫新能源控股有限公司,协鑫新能源是全球领先的以太阳能发电为主，集开发、建设、运营于一体的新能源企业。公司以“科技引领、金融协同、高效运作”为经营理念，集中式光伏电站和分布式光伏电站两大业务并重发展，持续为社会提供清洁、安全、高效的绿色能源。,协鑫新能源控股有限公司,苏州工业园区华池街时代广场24幢3楼,320594000255266,2013-01-29,施嘉斌,10000万元人民币,913205940618587641
杭州四季青服装,中国杭州四季青服装发展有限公司,杭州四季青服装市场，是中国最具影响力的服装一级批发与流通市场之一，创办于1989年10月，位于浙江省杭州市清泰立交桥东堍杭海路31-59号。 环境—市场建筑面积50000平方米，拥有营业房3000间，配套有物流中心、大型电子屏幕信息发布中心、银行等商务机构，及餐厅、医疗站、图书室等服务机构。场内宽敞明亮、中央空调、现代通讯等设施先进，精品区全部接入互联网光纤专线，为商户开展电子商务提供高品质的IT服务。烟感、自动水喷淋灭火系统、消控中心、防火防盗电子监控系统、电子巡更系统等的建成，确保全市场人身财产的安全。,中国杭州四季青服装发展有限公司,杭州市江干区九源路9号601室,330104000045146,2004-02-06,翟暘,51000万人民币,91330104757234853D
杜度数字科技,上海杜度数字科技有限公司,上海杜度数字科技有限公司是一家移动互联网新媒体内容创意传播平台，以数字新媒体内容整合传播服务与VR在未来文化产业及数字化智能为导向，主营利用电子计算机图形图像处理技术，致力于为不同行业客户提供基于数字图像服务的整体解决方案。,上海杜度数字科技有限公司,上海市宝山区逸仙路2816号1幢22楼A2201、2202室,310113001713709,2016-10-31,杜大永,1000万元人民币,91310113MA1GL2B11A,www.ddigital.com.cn
豪德传播,安徽豪德文化传播有限公司,豪德传播是一家致力于流行舞蹈培训及年轻、时尚品牌活动推广的企业，拥有安徽及国内专业豪华师资阵容、高端演艺团队、专业时尚文化品牌活动策划团队、专业活动现场执行团队、国内及国际品牌性系列活动资源，长期合作安徽首席电视媒体、安徽电视台各档大型栏目及各类大型明星演唱会，也是是一家明星舞蹈输出机构。,安徽豪德文化传播有限公司,,340100000507062,2011-04-07,阮志强,120万元人民币,9134010057300392XU,www.rewuhui.cn
优先科技,哈尔滨优先科技股份有限公司,优先科技团队成立自1999年，长期服务停车产业，集城市智能平台运营、智能硬件研发、管理咨询服务、停车场地建设与发展、停车经营于一体，是一家专注于产业链深度运营的解决方案供应商。致力于借助管理运营与新兴技术，推动智慧城市中的静态交通变革，创造城市级智能停车平台。,哈尔滨优先科技股份有限公司,哈尔滨高新区科技创新城创新创业广场８号楼世坤路７９８号１－２层,230109100032632,2011-08-01,刘昕辉,4000万元人民币,91230109578062435K,www.usionsys.com
德腾工业设计,佛山市顺德区德腾工业设计有限公司,德腾设计机构（DAETUM）是一家从事外观设计、结构设计、新产品研发为主导的工业设计机构，服务领域涵括家电、灯具、工具、健身器材、大型机械、IT，并提供手板制作、模具设计与制造、生产技术工艺咨询、包装设计制作等配套服务。,佛山市顺德区德腾工业设计有限公司,佛山市顺德区大良新滘居委会凤翔路41号顺德创意产业园D栋524、525号,440681000256767,2010-11-12,倪自彬,100万人民币,91440606564551633U
爱礼科技,四川爱礼科技有限公司,四川爱礼科技有限公司（简称：爱礼科技），是全国知名民航职教集团——四川泛美教育投资集团的全资子公司，公司致力于搭建全球最大最全礼仪知识百科平台，围绕礼仪的起源始末，研究过去的礼仪、现在的礼仪，进而探讨未来的礼仪，并利用信息化工具将研究成果转化为能够指导人们，躬耕于当代礼仪文化。,四川爱礼科技有限公司,成都高新区天府大道中段530号1栋18层1801号,510109000688648,2015-12-04,魏全斌,1000万元人民币,91510100MA61RT451M,www.ili.top
诚钢矿业,北海诚钢矿业股份有限公司,北海诚钢矿业股份有限公司成立于2011年4月，注册资本金：人民币壹亿壹仟万元。经营范围：水泥、矿渣微粉(不含煤矿)的生产、销售，金属制品的销售，预拌混凝土、预制构件的生产、销售，国内货运代理；工程机械租赁，道路普通货物运输、普通货物装卸搬运，新型环保建材的技术开发及销售。,北海诚钢矿业股份有限公司,北海市铁山港工业区四号路以西、纬四路以北,450500200045798,2011-04-08,李活远,20000万元人民币,9145050057182293XW,www.bhcgky.com
卓越航空,北京卓越航空工业有限公司,北京卓越航空工业有限公司主营航空发动机、航空发动机零配件、燃油添加剂、滑油添加剂等，北京燃料油添加剂行业知名企业,北京卓越航空工业有限公司,,110302013026997,2010-07-08,成身棕,20000万元人民币
商睿智能,上海商睿智能科技有限公司,上海商睿智能科技有限公司成立于2017年底，是一家专注为O2O互联网平台，软件开发商、第三方支付公司、软件代理商以及中小型商户提供高性价比的智能商用硬件及解决方案的创新型科技企业。公司将推出更多创新的智能商用设备相关产品，并加大海外市场拓展。,上海商睿智能科技有限公司,上海市浦东新区南汇新城镇环湖西二路888号C楼,310115003584747,2017-12-26,贺海涛,1000万人民币,91310115MA1H9LXQ3T,www.senraise.com
耐戈友,苏州耐戈友防护用品股份有限公司,耐戈友是一个户外安全防护产品品牌，致力于为劳动者提供安全可靠的防护产品，产品涉及交管路政类、环卫建筑类、运输物流类、石油化工类、特种作业类、消防救援、个人户外防护类。,苏州耐戈友防护用品股份有限公司,苏州市吴中区横泾街道上新路32号,320506000252661,2011-08-03,魏娟,500万元人民币,91320506579521277B,www.negu.com.cn
神算云,武汉神算云信息科技有限责任公司,神算云是基于本地化信贷工厂模式提供小微信贷信息化管理基础设施的供应商。神算云旗下产品分为运营云和决策云，运营云解决的问题是小微金融机构产品研发标准化、批量化、专业化和快速处理的问题。决策云则是服务机构信贷员的工具，可以帮信贷员做数据搜集，提供小微企业客户数据采集方法、结合运营云调用第三方数据，之后对数据进行交叉验证，结合运营云帮助客户生成风控决策模型，为信贷员提供辅助型的决策建议。,武汉神算云信息科技有限责任公司,武汉市江汉区武汉中央商务区泛海国际SOHO城（一期）第2幢8层5号，武汉市江汉区武汉中央商务区泛海国际SOHO城(一期)第2幢8层5号,420103000307523,2015-09-22,袁游,500万元人民币,91420103MA4KL2NA0L,www.shensuanyun.com
聊妹宝典,重庆远修科技有限公司,聊妹宝典是一个基于微信小程序的异性交友辅助小程序。,重庆远修科技有限公司,重庆市渝北区金开大道2号附6号1-1-9,500905009897378,2017-09-04,赵伟,100万元人民币,91500000MA5UTBUX23,www.pc6.com
小酷拼车,杭州小酷科技有限公司,小酷科技是一家汽车交通领域的初创公司，小酷拼车是一款专为上班簇提供拼车上下班的产品，主打同城拼车服务，立足当下热门环保命题，以绿色出行为概念，旗下开发有移动端产品。,杭州小酷科技有限公司,杭州市西湖区万塘路262号6号楼5层714室,330106000341424,2014-07-15,钱永根,175.44万元人民币,9133010531120545XT
灵鲸科技,海南灵鲸无人船科技有限公司,无人船相关科技研发公司。灵鲸科技具备复杂海况下的自治能力、搭载多类型传感器能力、与大数据和云平台相结合的信息分析与处理能力、协同监测能力和远距离传输能力海洋环境监测、海事搜救、海洋渔业捕捞监管等领域，可实现无人船自主释放和回收，极大拓展了无人船海面侦查范围。,海南灵鲸无人船科技有限公司,,460100000819709,2015-11-11,李宁,100万元人民币,91460100MA5RC61X9N
深度视觉,北京深度视觉科技有限公司,深度视觉是一家运用计算机视觉和人工智能为轴承检测提供整体解决方案的公司，帮助轴承厂大幅提高了良品率。隶属于北京深度视觉科技有限公司。,北京深度视觉科技有限公司,北京市海淀区上地东路9号1幢二层6号,110108023598063,2017-06-15,王帅林,100万元人民币,91110108MA00FA0069,www.deepvision-tech.com
趣享未来,北京趣享未来科技有限公司,北京趣享未来科技有限公司成立于2017年9月，是全国领先的短视频制作营销一站式服务平台。公司成立2年来，已为全国1500+广告主提供了优质、高效的服务。平台提供创意策划、执行拍摄、后期特效、剪辑等一系列优质服务，让企业、店家、个人迅速找到满意的短视频制作服务方及作品；让制作方、网红明星等服务机构能够依靠平台，快速承接业务，实现盈利。,北京趣享未来科技有限公司,北京市朝阳区东坝乡东晓景产业园205号F区1710,110105024053807,2017-09-04,解宇,500万元人民币,91110105MA017B9U92,www.quxiangweilai.com
融创微电子,湖南融创微电子有限公司,融创微电子是一家芯片生产与设计服务提供商，集研发、生产、服务、销售于一体，致力于为我国航空航天领域提供高可靠IP、集成电路芯片及相关产品，研发出存储芯片、电源芯片及SOC芯片等产品。,湖南融创微电子有限公司,长沙高新开发区尖山路39号长沙中电软件园总部大楼A395,430193000071074,2014-07-01,王伟珣,2229.0076万元人民币,914301003964661646
西藏能源,西藏金凯新能源股份有限公司,"""公司简介","西藏金凯新能源股份有限公司致力于向太阳能光伏、光热应用领域提供系统整体解决方案,主要产品服务有光伏电站EPC总承包、光伏电站投资运营、光热系统项目的设计、施工及售后维护;太阳能照明系统、太阳能离网供电系统、户用系统等项目的设计、施工及售后维护;高原型逆变器的研发、生产、销售;同时针对西藏能源短缺的情况下,探索各种新能源与传统能源相结合的系统研发及应用。公司凭借长期的努力和积累,获得了西藏自治区颁发的“科技型中小企业”;获得了“最具创新力企业”;“中国能源协会会员”“诚信经营示范单位”“建筑材料科学""",西藏金凯新能源股份有限公司,拉萨经济技术开发区A区苏州路金凯新能源大厦,540091200003501,2015-04-01,吴承胜,6308.5万元人民币,915400915857680492
小黑罐,北京水木年华科技有限公司,小黑罐是一家水果罐头电商服务平台，隶属于北京水木年华科技有限公司，该公司北顺丰选列为水果罐头唯一合作商，顺丰嘿客线下店铺主推产品，目前在北京，浙江嘉兴，河北廊坊，分别设有分公司以及在全国8个城市设有仓储基地，作为水果罐头领军创新品牌，被行业众多品牌模仿，被罐协梁仲康会长誉为行业大黑马，推荐参选2016年水果罐头行业十大创新品牌评选活动。,北京水木年华科技有限公司,北京市北京经济技术开发区文化园西路8号院26号楼16层1901,110108008680488,2005-08-01,杨文婷,1000万元人民币,91110108779515752Q
华越设计,浙江华越设计股份有限公司,"""公司经主管工商行政部门核准的经营范围:一般经营项目:服务:工业与民用建筑工程设计及咨询,装饰设计,景观设计,建筑智能化设计,绿色节能工程设计,国内广告设计及制作,晒图、 图文制作(需前置审批的项目除外);批发、零售:纸张,建筑材料,装修材料。    公司主营业务为提供建筑工程设计和景观设计服务。""",浙江华越设计股份有限公司,杭州市拱墅区蓝钻天城3幢901-908室,330100000001959,2007-03-09,俞青,3024万元人民币,91330100796697738U,www.zjhuayue.com
德厚科技,深圳市德厚科技有限公司,德厚科技是一家透明隔热玻璃涂料研发商，该公司主要生产玻璃防晒隔热涂料、防晒隔热涂膜玻璃生产线、防晒隔热型夹胶玻璃、防晒隔热隔音型PC阳光板、纳米自清洁及增硬涂料等产品。,深圳市德厚科技有限公司,,440301103591249,2008-08-28,林俊君,1475.37万元人民币,9144030067858277XL,www.dehouglass.com
昌坚咨询,苏州昌坚商务咨询有限公司,昌坚咨询是一家商务信息咨询服务商，主要经营范围是商务信息咨询、企业管理咨询、市场营销策划；房屋销售代理；工程项目管理。,苏州昌坚商务咨询有限公司,苏州市相城区太平街道聚金路98号一楼众创空间25号工位(集群登记),,2018-02-01,王凤友,50万元人民币,91320506MA1W0HRC4K
东方大愿,北京东方大愿旅游文化有限公司,东方大愿是一家现代文化旅游服务业开发与运营商，公司包括文化旅游、文化艺术、文化娱乐、文化衍生产品制造等多个业务板块，以文化旅游项目的建设和实现为平台，专注于为高端旅游景区提供文化创意、主题设计、科技开发等全产业链整合方案服务。,北京东方大愿旅游文化有限公司,北京市朝阳区豆各庄乡金林路1号金田影视产业园22-102,110105016465021,2013-11-13,张晓天,3000万元人民币,9111010508285341XB,www.12dayuan.com
中科美络,安徽中科美络信息技术有限公司,安徽中科美络信息技术有限公司（以下简称“中科美络”）是依托中科院研发团队成立的高新技术企业。公司专注于车联网行业应用的技术研究与开发，基于移动互联网、物联网、云计算、大数据、地理信息和卫星定位等前沿技术和车联网领域专业经验，为政府机关、事业单位、企业及租赁、物流行业用户提供信息化服务平台与管理服务体系，为用户提供基于车联网技术的产品与服务解决方案。,安徽中科美络信息技术有限公司,合肥市高新区望江西路860号B座1408室,340191000044262,2014-12-11,吴仲城,1462.570378万元人民币,9134010032545174XG,izkml.com
众普森科技,众普森科技（株洲）有限公司,众普森科技（株洲）有限公司成立于2014年1月，注册资本16800万人民币，是株洲市国有资产投资控股集团有限公司从深圳招商引进的重要项目，也是株洲市建设国家“两型社会”示范区的重点项目之一，国家高新技术企业。众普森科技致力于推动节能低碳经济发展，集LED技术研究、LED绿色照明产品设计、LED照明智能控制及LED照明亮化工程于一体的LED智能照明解决方案提供商，产品涵盖工业照明、户外照明、景观照明、办公照明、车灯照明、铁路照明、LED电源等领域。生产规模国内领先。,众普森科技（株洲）有限公司,湖南省株洲市天元区新马工业园,430200000125252,2014-01-14,李季,16800万元人民币,91430200090859467N,www.zopoise.com
北京赛欧兰,北京赛欧兰阻燃纤维有限公司,北京赛欧兰阻燃纤维有限公司成立于2014年4月，是国家高新技术企业、中国化学纤维工业协会会员单位、北京经济技术开发区新材料产业创新联盟成员单位，北京经济技术开发区新创工程领军企业。赛欧兰是研发与生产高技术纤维新材料的专家，是全球首家能够生产既环保、安全舒适，又有极高可纺性能阻燃再生纤维素纤维的公司。,北京赛欧兰阻燃纤维有限公司,北京市北京经济技术开发区地盛北街1号院26号楼2层1单元201A,110105017038214,2014-04-15,毕慎平,3349.85万元人民币,91110302097508010G,solfrfiber.com
江苏信立康,江苏信立康医疗科技有限公司,江苏信立康是一家医疗器械研发商。,江苏信立康医疗科技有限公司,,321291000033249,2014-11-21,李娜,11500万元人民币,91321291323787629U
声立传感,江苏声立传感技术有限公司,江苏声立传感技术是一家专业从事传感网络、声学微传感器、声表面波射频识别和民用雷达的研发、制造及市场一体化的科技公司。,江苏声立传感技术有限公司,南通市崇川路58号3号楼207室,320600000273609,2012-09-11,王东方,625万元人民币,91320600053488054F,www.sl-sensor.com
湘佳牧业,湖南湘佳牧业股份有限公司,"""公司主营业务为种禽生产、销售;家禽孵化、饲养、屠宰加工及销售以及配合饲料加工销售、生物肥加工销售。具体而言,公司主要从事优质肉鸡、肉鸭的养殖,活禽销售及冷鲜白条的生产、销售以及配合饲料、肥料的生产和销售。公司是以”公司+农户+农贸市场”、“公司+基地+直营”为经营模式,以“五统一、一分散”为企业运营特征的优质鸡养殖与加工企业。经过多年的摸索发展,已经形成了从种禽繁育、优质家禽饲养到产品加工、销售于一体的完整产业链。公司拥有自主注册的“湘佳”牌商标。目前已经发展成为湖南本土唯一的优质家禽养殖一条龙企业。""",湖南湘佳牧业股份有限公司,湖南省石门县经济开发区天供山居委会夹山路9号,430726000005512,2003-04-08,喻自文,7625万元人民币,91430700748364904T,www.xiangjiamuye.com
RobotZero,广州零号软件科技有限公司,"""广州零号软件科技有限公司，以下简称“机器人零号”，是软银Pepper机器人在中国的应用软件开发商与授权代理商,法国Aldebaran（阿尔德巴兰）机器人公司在中国区的授权代理商与软件开发商。也是目前国内最领先的机器人与智能家居连接平台，致力于建立服务机器人与智能家居、智能硬件、空间场所的连接，并让服务机器人在连接掌控空间场所的前提下，通过人机交互界面为用户提供服务。并推出了完整的健康服务机器人解决方案，广泛适用于高端养老地产项目、养老院、医院诊所。""",广州零号软件科技有限公司,广州市天河区中山大道89号C301房（仅限办公用途）,440106001143632,2015-03-12,向忠宏,117.647万元人民币,914401063313467783,www.robot0.com
vaqua活泉,广州市活泉国际贸易有限公司,活泉是一个护肤化妆品品牌，集多种天然水源成分，以天然矿泉为起点。十余年来，致力于探索不同珍惜水源的奇特美肤功效。活泉“美肤水源使者”走遍全球，采集到各具奇效的天然美肤水源，结合现代尖端技术，经潜心研究，终于成为天然水美肤的集大成者。,广州市活泉国际贸易有限公司,广州市保税区贸易街广保大道11段200A,440108000059554,2002-12-11,黎志锋,500万元人民币,91440101745967515E,www.vaqua.com.cn
辰伟中德医疗,云南辰伟中德医疗管理有限公司,辰伟中德是目前国内规模最大的以骨科医院连锁为核心业务的医疗集团，致力于打造骨伤、骨病、康复、体检为一体的综合骨科优质连锁品牌。集团以专精的骨科医疗技术和专注的医疗服务为起点，着眼于大骨科、大健康的高技术要求和高品质追求。在始终保持的一流诊疗技术和走在科技前沿的硬件设备支持下，逐步打造出一批国内领先的骨科医疗服务团队。,云南辰伟中德医疗管理有限公司,云南省昆明经开区信息产业基地春漫大道80号云南海归创业园2幢8楼A8126号,530000011011344,2015-12-02,陈伟,6411.08万元人民币,91530000MA6K3P9E20,www.chenweizhongde.com
西屋电气,浙江西屋电气股份有限公司,浙江西屋电气股份有限公司始创于1990年，经过十几年在低压电产品开发和生产上的潜心经营和锐意拓展，现已成为国内最重要的低压电器元件制造商之一。公司一直把企业的团队建设作为发展的原动力，严格的企业管理团队、高水准的技术研发力量以及准确到位的服务网络，使公司构建的国际ISO9001质量管理体系得以顺畅高效的运行，同时为企业的发展打下了坚实的基础。,浙江西屋电气股份有限公司,乐清市柳市镇新光工业区,330382000041766,1998-01-15,黄国臣,5168万元人民币,913303007043952902,1833023.atobo.com.cn
嘉树儿科,北京美亚益家医院管理有限公司,嘉树儿科是一个儿童医疗和健康保健服务平台，科室设置齐全，包括儿内科、儿童保健科、儿童口腔科、儿童耳鼻喉科、儿童眼科、儿童皮肤科等，为儿童提供基础保健和生长发育体检、儿童常见病和多发病的诊治以及与健康成长相关的其它服务。,北京美亚益家医院管理有限公司,北京市朝阳区广渠路23号院7号楼6层726内2，北京市朝阳区广渠路25号院2号楼20层2307,110105017331075,2014-05-29,常岷,153.5238万元人民币,911101053998805209,www.jiashuerke.com
驭龙集团,深圳驭龙电焰科技有限公司,深圳驭龙电器有限公司（简称驭龙电器）是一家以“改良世界”为己任，专注于高端家用电器，集研发、设计、制造和营销为一体的科技型家电有限公司。公司办公地点位于罗湖区京基100大厦。公司由电焰灶发明者卢驭龙创建，其诸多创新科研项目得到了全国社会各界的广泛认同和大力支持。驭龙电焰灶是驭龙团队独家研发并拥有所有知识产权的革命性灶具产品，是迄今全球唯一一款无需附加燃料，仅靠电能即可获得明火的电气类灶具。在燃烧方式上，驭龙电焰灶摆脱了传统炉灶对于天然气、液化气等燃料的依赖，做到厨房的“零燃气”。同时驭龙电焰灶也弥补了电磁炉只能加热却无法生火的不足，满足了中国人明火烹饪的需求。,深圳驭龙电焰科技有限公司,深圳市罗湖区桂园街道深南东路5016号京基100大厦A座4401A,440300200127259,2017-02-20,鲁雪莲,1000万元人民币,91440300MA5ECLH267,www.51yulong.com
乐天派,深圳市乐天派信息技术有限公司,2014年有这样一群年轻人，他们尊重自己的想法，他们向往未知的自由，他们想要提供给全球安卓手机和平板用户最聪明，最好玩，最体贴的极致体验。让每个人都能享受到完美的移动互联网生活。为了这个梦想，他们义无反顾。,深圳市乐天派信息技术有限公司,深圳市前海深港合作区前湾一路鲤鱼门街一号前海深港合作区管理局综合办公楼A栋201室（入驻深圳市前海商务秘书有限公司）,440301109331104,2014-05-12,邓玉玲,500万元人民币,914403003060156949,www.xosapk.com
冠中天诚体育,新乡市冠中天诚体育文化传媒有限公司,冠中天诚体育文化传媒有限公司成立于2014年11月，由河南科技学院8名本科生组成，公司致力于打造中国群众体育赛事O2O服务第一品牌，公司大力做好线下业务，承办了新乡市元宵节武林大会、新乡市武术锦标赛、全国百城健身气功交流展示活动河南省大会，并协办了新乡长跑、冬泳、登山、篮球等活动。目前，公司正在开发线上APP---好赛体育，助力体育赛事O2O服务。好赛体育利用移动端APP联合当地体育主管部门，线上线下相结合，缓解信息不对称问题，打造中国最大的群众体育赛事活动平台。,新乡市冠中天诚体育文化传媒有限公司,,,2014-11-17,杨青兰,50万元人民币,91410700317604216H
天众体育,上海天众体育管理有限公司,天众体育是一个以体育赛事为题材，集数据分析、策略、竞技为一体的体育赛事互动平台。在平台中，用户有机会把真实世界中的体育球星在有限的预算下，自由组合成一只球队，根据球员在真实赛事中的实际数据表现计算球员积分。用户可以用数据统治比赛赛场，体验赛事的数据竞技。,上海天众体育管理有限公司,上海市嘉定区真南路4268号2幢J40室,310114002976922,2015-10-26,梅良,146.0516万元人民币,91310114MA1GT0BE6M,www.somethingbigsports.com
掌上青城,内蒙古天迅网络科技发展有限责任公司,掌上青城是一款基于智能手机的城市出行信息查询软件。该应用的核心功能是呼和浩特市城市公共交通查询系统。目前提供呼和浩特市区内大部分公交车运行动态、公交运行基础信息、公共自行车站点位置查询、汽车服务周边查询、电动车防盗、呼和浩特市白塔机场实时航班动态查询的功能。,内蒙古天迅网络科技发展有限责任公司,,150105000024125,2003-09-03,王潇勇,1000万元人民币,91150105752576766H,www.wandoujia.com
双赢伟业,深圳市双赢伟业科技股份有限公司,双赢伟业是一家ODM/OEM服务商，致力为全球知名网络通讯企业提供通讯网、企业网、Soho产品研发、生产、销售及服务为一体的专业ODM/OEM服务商。,深圳市双赢伟业科技股份有限公司,深圳市宝安区沙井街道沙四高新科技园A幢,440301104739217,2004-02-24,周鸣华,7361.1257万元人民币,91440300758642621X
力图翻译,西安力图信息技术咨询服务有限公司,西安力图亚洲信息技术咨询服务有限公司是一家国际化的移动互联网及本地化公司。,西安力图信息技术咨询服务有限公司,西安市高新区高新三路2号海佳云顶B座601室,610131100019268,2008-10-27,张弛,50万,91610131678626103F,www.leadtoasia.com
酷鸟飞飞,北京酷鸟飞飞科技有限公司,酷鸟飞飞是一家专注于VR旅游、VR游戏研发及运营的VR线下体验店。主要将强交互VR、红色旅游、主题馆三者融为一体，为客户提供VR行业可商业化运营的平台，目前产品有红色旅游四渡赤水VR战争体验馆的《血战赤水桥》、《渡江掩护战》、《突出重围》、军事类《我是舰长》等VR内容。,北京酷鸟飞飞科技有限公司,北京市朝阳区管庄乡1号1幢1层1747,110105015981703,2013-06-07,史蔚安,624.992188万元人民币,91110105069554132F,www.91vrfly.com
地道盒子,贵州地道盒子科技有限公司,旅游行业的良心商家；,贵州地道盒子科技有限公司,贵州省贵阳市云岩区宝山北路133号第4栋A区1室,520103000943630,2015-11-23,辛友,50万元人民币,91520103MA6DK2426L
上海凡响,上海凡响网络科技有限公司,凡响是一家个人工智能的服务平台，致力于帮助企业实现以消费者为中心，利用知识图谱、机器学习、大数据分析等技术，收集、分析和学习客户的领域知识，目前主要服务于高科技行业与智能制造行业。,上海凡响网络科技有限公司,上海市闵行区苏召路1628号2幢A014室,310112001434616,2014-10-23,贺鸿富,149.4718万元人民币,91310112320745861F,www.neirongjia.com
翼帆数字科技,翼帆数字科技（南京）有限公司,翼帆数字是一家区块链金融服务提供商，致力于将区块链技术应用于供应链金融领域，通过将每一个参与订单的供应商的合同都放到区块链上，再通过智能合约进行穿透式的自动式拨付，从而加强中小微企业的融资保障能力。,翼帆数字科技（南京）有限公司,南京市江北新区新锦湖路3-1号中丹生态生命科学产业园一期A栋808-810室,,2018-05-14,XIA PING,500万元人民币,91320191MA1WJ0UQ5D
抬杠,上海蝶舞信息技术有限公司,抬杠是一个移动语音互动社区，是一款集合大众观点的社会娱乐应用，用户可以选择某一观点和好友或者别人一起争论，最后都会以娱乐的方式给出争论的结果。,上海蝶舞信息技术有限公司,上海市浦东新区东方路3601号6号楼4层401室,310115400277346,2012-03-30,凌海,8032.657万元人民币,913101155916873765,www.gangker.com
南都地产服务,浙江南都房地产服务有限公司,南都品牌起源于南都集团，沿革至今已有二十四年历史。南都房产集团成立于1993年，是以房地产开发为核心业务，具有国家房地产综合开发一级资质的房地产企业集团。,浙江南都房地产服务有限公司,杭州市西湖区古墩路829号1609室,330106000150183,2010-09-19,韩芳,2000万元人民币,91330106563005382B,www.nacityres.com
麦洽软件,麦洽软件（上海）有限公司,麦洽软件是一家BI市场产品和解决方案服务商。总部上海，同时在北京、广州、成都、南京、苏州分别设有区域运营中心和研发中心。 为数千家知名企业提供可视化大数据分析服务。业务涵盖集团财务、金融、零售连锁、汽车4S、房地产、餐饮、能源化工、服装、医疗等行业。经过团队10多年在商业智能领域的业务和技术沉淀，Maco秉承移动优先、协同优先、云优先、智能优先的理念，打造新生代的商业智能平台。Maco拥有来自SAP、IBM、Oracle的商业智能工程师团队，具有经验丰富的BI开发应用经验。商业智能研发工程师、数据库开发师、BI售前顾问、实施顾问60+。激情，专业，协作，共赢是Maco的核心价值观。,麦洽软件（上海）有限公司,中国(上海)自由贸易试验区郭守敬路498号8幢19号楼3层,,2018-07-18,何柱,100万元人民币,91310115MA1K459G0R,www.macochart.com
大宏智能,山东大宏智能设备股份有限公司,"""公司是一家专门从事包装设备的设计、研发与制造的综合性企业,公司拥有先进的生产设备、雄厚的技术力量,可根据客户的不同需求进行产品的设计与制造。公司以系列缠绕包装设备为主,提供各种包装系统的设计开发与生产;同时,经营各种包装设备、打包工具及包装材料 主导产品:托盘式、无托盘式、圆筒式、摇臂式、水平式缠绕机;打包机、捆扎机、热收缩机等包装,设备广泛应用于玻璃制品、造纸、化工、建材、纺织、饮料、电子电器、食品、医药等行业。济南大宏机器有限公司是一家专门从事包装设备的设计、研发与制造的综合性企业,公司拥有先进的生产设""",山东大宏智能设备股份有限公司,济南市槐荫区清河北路新沙工业园南区2街1号,370104200010155,2005-04-19,杨德盛,700万元人民币,91370104774160227E,www.packdahong.com
伟钊科技,上海伟钊光学科技股份有限公司,"""上海伟钊光学科技股份有限公司(ShanghaiNextrendTechnologyCo.,Ltd.)，成立于2004年。位于上海市嘉定高新技术园区，致力于发展传统光学加工技术，满足新技术产业的需求。上海伟钊光学科技股份有限公司追求技术的全面发展和稳健的经营，主要客户为光通信行业内知名无源器件厂家，包括多家美国上市公司。主要产品光纤通信用微透镜、楔角片。月生产能力达55万片。占有市场份额35%。""",上海伟钊光学科技股份有限公司,上海市嘉定区马陆镇复华路33号5幢3层南侧,310114001135971,2004-10-14,刘康,2422万元人民币,91310000767931011W,www.nextrend.com.cn
超力嗨体育,北京超力嗨体育发展有限公司,超力嗨体育是一个系列腕力活动赛事IP。公司打造了专业斗腕联盟组织--超级腕力联盟(SAL)，提供系列斗腕赛事、斗腕活动技能培训、运营斗腕赛事IP等多项环绕腕力活动的体系化服务与内容。,北京超力嗨体育发展有限公司,北京市怀柔区迎宾中路36号2层25308室,110116023042962,2017-03-02,殷乐,1212.1万元人民币,91110116MA00CAPM96,www.d1sal.com
欢乐互娱,欢乐互娱（上海）科技股份有限公司,欢乐互娱(上海)科技股份有限公司的主营业务为网页网络游戏、移动网络游戏的研发与运营，主要产品为美食大战老鼠、街机三国、街机之王、创世战神、亚瑟王、英雄神殿、热血街霸3D。,欢乐互娱（上海）科技股份有限公司,中国（上海）自由贸易试验区盛夏路608号2幢2、3、4、5楼,310115001136823,2009-07-02,时继江,3000万元人民币,913100006915847296,www.123u.com
华文食品,华文食品股份有限公司,华文食品是一家以食品研发、生产、加工、销售于一体的现代食品公司，公司旗下拥有劲仔、博味园等多个休闲食品品牌，产品涉及小鱼仔休闲食品、豆干制品两大系列，涵盖数十种休闲食品单品，是综合性食品制造集团。,华文食品股份有限公司,湖南省岳阳市平江县伍市镇平江工业园区,430600000060345,2010-08-12,周劲松,36000万元人民币,91430600559532577G,www.huawenshipin.com
好快省,广东好快省汽车服务有限公司,好快省以改善中国车主在独立售后市场中的服务体验为出发点，通过输出客户代运营、门店管理及技术标准，提升维修厂的客户体验与经营能力，获得了维修厂的广泛认同。以此为基础，将维修厂发展为好快省会员店及加盟店。2017年，好快省具备了快速发展会员店及加盟店的条件，并通过“电商平台+自建物流”进行汽车零配件供应。,广东好快省汽车服务有限公司,广州市天河区元岗路310号自编1栋A401单元（仅限办公用途）,440101000187320,2011-12-27,于洪江,1001万元人民币,91440101587639363F,www.hks360.com
金旅居,海南金旅居度假集团股份有限公司,"""公司成立于2010 年,注册资本5000万元人民币, 成立之初,秉承“与梦同行·与爱同居”的企业理念,借助海南国际旅游岛蓬勃发展的历史机遇,立足于海南地域性优质生态资源, 立志于创导旅居生活方式,短短五年确立了“互联网 + 旅居生活 + 金融”的发展目标。    公司以生活助理为核心导向,采用独特的商业联盟模式整合各类资源平台,结合互联网数据库,推出颠覆性旅居度假产品—旅居卡。“旅居卡”是集“旅居生活、度假休闲、创新金融”等多项功能的革命性旅居度假产品,开启“资源整合、服务运营、金融嫁接”三位一体的旅居度假""",海南金旅居度假集团股份有限公司,海南省海口市海甸岛五西路47号铱海楼五楼,460000000239355,2010-04-28,刘杰,5000万元人民币,91460000552773984C
艾斯菲林舞蹈健美,西宁艾斯菲林舞蹈健美有限公司,艾斯菲林舞蹈健美是一家中式塑身肚皮舞、健身钢管舞、爵士舞及各种舞蹈的专业培训制机构和专业会员制机构。俱乐部规模大，具有异国风情特色的舞蹈健身俱乐部，汇集个国内最优秀的舞蹈教练团队，并建立了专业的演出舞团参加各类商业、媒体演出。并且是西安唯一一家集舞者交流、演出服饰于一体的舞蹈健身俱乐部。,西宁艾斯菲林舞蹈健美有限公司,,630100000150611,2014-11-05,刘丽娟,1000万,91630100310879671R
甄识科技,成都甄识科技有限公司,成都甄识科技有限公司，专业从事活体身份安全认证产品研发，具有自主知识产权的核心算法和硬件模块，已申请多项发明专利、实用新型专利和软件著作权。自成立至今两年多时间，公司在各类大赛中获得较高的评价。,成都甄识科技有限公司,成都高新区益州大道中段1800号1栋7层704号,510109000609161,2015-07-06,罗敏,100万元人民币,9151010034311339XF,www.verimetric.cn
冠尔股份,青岛冠尔科技股份有限公司,青岛冠尔科技股份有限公司专业从事通信设备的研发、生产和销售业务，多年来主要为三大电信运营商、主设备商提供一流的通信配套设备与光纤配套设备，产品包括机房走线架、铝合金光纤槽、网络桥架、通信机柜、基站一体化板房等，各类产品被广泛应用于中国电信、中国联通、中国移动的机房、基站的建设领域。,青岛冠尔科技股份有限公司,青岛市城阳区惜福镇街道百福路229号,370214228048934,1998-11-24,张起凡,2155万元人民币,91370200713710862N
陕十三,山东陕十三餐饮管理有限公司,山东陕十三餐饮管理有限公司，2013年创立于潍坊，目前已在全国7省50市开设130余家连锁门店。为顺应健康饮食、文化饮食的时代潮流，我们继承正统、勇于创新，力求将历史悠久、营养健康的陕西民间美食呈献给广大美食爱好者。我们秉承“真材实料做好每一份产品，真心实意服务每一位顾客”的经营理念，以及“把快乐带给顾客”的工作使命。让顾客在用餐时感受到更多的愉悦感，我们一直在努力追求产品和用餐环境的标准化、精细化、温馨化。无论是产品用料、烹制手法、还是饮食用具和现场服务，都精益求精，不敢有丝毫怠慢之心。我们的主打产品“陕十三肉夹馍”因其出身正宗、口感酥爽而备受顾客喜爱。陕十三创建的三大标准运营体系——产品生产标准化、烹饪设备标准化、餐厅操作标准化，为连锁门店的美食品质、现场服务、餐厅卫生提供了良好的保障。事实证明，中餐一样可以做到标准化，而且在口感方面更为出色，还具有得天独厚的文化内涵。“美食带给人们幸福！”，这句话是我们追求的终极目标。我们希望通过我们的不懈努力，让每个中国人都以中国传统美食为荣。,山东陕十三餐饮管理有限公司,山东省潍坊市奎文区鸢飞路958号潍坊万达广场A地块项目(一期)4号写字楼4-1813,370705200120355,2015-12-15,张海建,2000万元人民币,91370705MA3C469GXD,www.shanshisan.com.cn
抖音,北京微播视界科技有限公司,抖音是一款音乐创意短视频社区App，用户可以使用该软件拍出属于自己的创意视频，尝试不同的视频内容，通常包括个人才艺、表演、舞蹈与剧情演绎，以兴趣爱好作为交友的基准。最近新增设了答题赢奖金模块。产品功能有音乐迷你剧、多段混剪、发起挑战、美颜滤镜；全球潮流音乐，搭配舞蹈、跑酷、表演等内容形式，还有超多原创特效、滤镜、场景切换帮你一秒变大片，为你打造刷爆朋友圈的魔性短视频。,北京微播视界科技有限公司,北京市海淀区知春路甲48号2号楼8层2-5-9B室,110101020839442,2016-03-11,梁汝波,100万元人民币,91110101MA0045N17U,www.douyin.com
艾米森,武汉艾米森生命科技有限公司,艾米森自主研发出一种全新的无痛、无创、高灵敏度肿瘤检测技术，现已开发出一些列高发肿瘤的早期无创筛查产品（艾可安?系列），涵盖肺癌、结直肠癌、宫颈癌、肝癌、胃癌、食管癌、泌尿系统癌症等。通过分析体液（血液、粪便、尿液等），及时发现早期肿瘤基因突变、表观信息改变等，可检测出直径1厘米以上进展期肿瘤和癌病灶，为肿瘤早诊早治提供强大的技术支持与医疗产品服务。,武汉艾米森生命科技有限公司,武汉市东湖新技术开发区高新大道666号光谷生物创新园B1栋B249-250号,420100000469600,2015-01-28,张良禄,65.728万元人民币,914201003036392079,www.ammulifetech.com
杰迈视讯,南京杰迈视讯科技有限公司,南京杰迈视讯科技有限公司是一家由旅美博士团队创建、从事智能机器视觉产业化的高科技研发型企业。,南京杰迈视讯科技有限公司,南京市秦淮区永智路6号白下高新技术产业园区中国云计算创新基地B幢6层,320103000212562,2010-08-26,穆科明,2000万元人民币,913201045588773116,gm-innovation.com.cn
觉拾壹,北京觉拾壹文化传播有限公司,"""北京觉拾壹拥有自己独立的VR虚拟现实商业项目以及原创项目,依托众多海外艺术家多年的影视从业经验，与VR领域的技术革新实战的经验，总结创建了有关VR行业从业人员的评估体系，反推出匹配制作流程需求的课程设置，结合美式的教学规划，建立了VR人才培养，梦想孵化的基地-----觉拾壹（中国）VR梦工厂。""",北京觉拾壹文化传播有限公司,北京市通州区运河核心区Ⅳ-07地块绿地大厦1号楼22层22019,110105019662011,2015-08-10,姜海,500万元人民币,91110105352950130B,www.s11vr.com
易司拓,南京易司拓电力科技股份有限公司,南京易司拓电力科技股份有限公司是一家专业从事电压监测、低电压治理领域相关应用软件和自动化设备的研发、设计、集成、生产与销售，以及低电压治理工程与技术服务的企业。企业经营范围正不断向电能质量整体监测与治理领域延伸。,南京易司拓电力科技股份有限公司,南京市雨花台区软件大道11号,320100000154178,2011-10-31,张珍凤,5521.15万元人民币,913201005850536413,www.est-power.com
艾瑟网络,深圳市艾瑟网络技术有限公司,ISE.是基于云数据处理的移动智能外设应用研发与电器智能技术解决方案的综合服务商，全球领先的移动智能外设应用开发商，M2M领域的领导者。,深圳市艾瑟网络技术有限公司,,440301109055494,2014-03-27,袁珺,500万元人民币,91440300094067045E,www.isefeel.com
春天影视,北京春天影视科技有限公司,春天影视是一家CG高端影像内容提供商、虚拟现实主流行业产品提供商。公司业务涵盖电影商业发行和衍生产品经营、CG（Computer Animation Graphics，计算机动画）高端专业定制、虚拟现实（VR、AR）项目制作等。,北京春天影视科技有限公司,北京市海淀区中关村东路1号院8号楼一层CG05-101号,110108017434834,2014-06-23,郭崴娇,120万元人民币,9111010830638385X6,www.spring-tec.com
马蜂窝,北京蚂蜂窝网络科技有限公司,马蜂窝旅游网发布了升级版“马蜂窝旅游”APP，对首页信息流进行了全新改版，并加强了其特有的旅游社交基因。升级后的APP更注重展现用户的旅行瞬间——旅行者们上传的图片、旅行Vlog将在首页以更大篇幅呈现。马蜂窝对APP上的短内容、短视频等功能也进行了相应升级，旅行者将更轻松更便捷地记录、分享旅行体验。在新功能下，长游记可以通过语义分析技术实现碎片化呈现。浏览者可以通过信息流碎片化的图文，一键抵达作者的游记全文，甚至跳转到目的地、景点、餐厅、酒店等页面，查询相关信息和预订旅游产品。马蜂窝和日本动漫旅游协会达成战略合作，在”动漫圣地巡礼“的基础上双方将进一步推动圣地巡礼在中国的普及，进一步探索动漫资源和旅游资源结合。,北京蚂蜂窝网络科技有限公司,北京市朝阳区酒仙桥北路9号(厂区)10幢B座A2,110105010656879,2007-11-29,陈罡,1500万元人民币,91110105669928206J,www.mafengwo.cn
凯迪思科技,凯迪思科技股份有限公司,凯迪思科技是一家汽车电子用电路板制造商,凯迪思科技股份有限公司,,110000410143675,1999-12-28,余汉华,20000万元人民币
麻辣车事,成都麻辣车事文化传播有限公司,汽车生活传媒集群由国内实力投资方斥资控股，汽车传媒领域资深人士共同组建。重庆交通职业学院和四川社会科学院新媒体发展研究中心为业务指导单位。汽车生活传媒集群主要致力于汽车行业整合营销推广业务，以及汽车媒体平台的开发与应用，在四川地区尤其是汽车行业拥有较强的品牌影响力。目前，集群旗下涵盖“一刊一台一网十大客户端”四大线上事业部，即《汽车生活》杂志、经典音乐FM94.6、盘石网盟四川运营中心、麻辣车事新媒体。同时，百城百县汽车惠民下乡暨大数据汽车巡展是集群开发的线下卖车平台。,成都麻辣车事文化传播有限公司,中国（四川）自由贸易试验区成都高新区天府大道北段28号1栋1单元27层3号,510109000521959,2014-12-24,段超龙,111.111万元人民币,91510100321574996R,www.qcsh8.com.cn
博立科技,浙江博立灶具科技有限公司,"""浙江博立灶具科技有限公司是国内商用节能炉灶的专业提供厂商。集研发、生产与销售为一体的高新技术企业,现拥有坚腾/兆立两大智能灶具品牌。公司创始人于2002年开始专注于节能炉灶行业的探索，十多年的创新和积累，使企业有了深厚的技术底蕴，节能技术领先于国内外同类产品。公司的主打产品有：各种型号的燃气炊用大锅灶、广式、中式式炒菜灶、海鲜蒸柜、蒸饭柜、煲仔炉、气化炉以及各种不锈钢厨房设备用品。公司先后荣获台州市高新技术企业、台州市技术研发中心、浙江省科技型企等荣誉称号。2014年被评为浙江省燃气具行业商用燃气器具I级能效节能产品。先后28获得项技术国家专利证书，参与国家商用燃气燃烧器具各种产品标准的制订，拥有国家级行业标准制定的话语权。""",浙江博立灶具科技有限公司,浙江省台州市临海市古城街道两水村,331082000100888,2013-07-09,鞠木春,2666.7333万元人民币,91331082072882209C,www.zjboli.net
达美盛,北京达美盛软件股份有限公司,北京达美盛软件股份有限公司主营业务为工厂和建筑数字化软件的研发、销售和技术服务以及三维工程设计、建模服务。公司是一家面向全国客户提供流程工厂及建筑解决方案的厂商，经过多年研发和发展，形成了包括工程设计软件系统、三维设计检视系统、全自动平立面标注系统、项目内容管理系统等一系列完整的智慧工厂及智慧建筑软件解决方案及三维工程设计、建模服务。,北京达美盛软件股份有限公司,北京市海淀区西北旺东路10号院东区4号楼2层101-207号,110108011732103,2009-03-09,李艳松,3218.6549万元人民币,91110108685756096T,www.dms365.com
春风画面,北京春风画面文化传媒有限公司,春风画面是一个影视视频制作及发行商，隶属于北京春风画面文化传媒有限公司，是以电影、电视剧、网络短视频策划、制作、发行和艺人经纪为主的专业文化传媒公司。旗下已成功孵化出网红艺人@辣目洋子，签约了知名演员@毛毅（代表作：《野鸽子》、《蜂鸟》、《如锦》等），制作出品了网络短视频项目《辣目视频》，在微博、爱奇艺、秒拍、今日头条、B站等平台播出。《辣目视频》每期节目最高播放量超过1000万次，深受网友喜爱。 公司成立以来发展迅速，在重庆设立了项目制作中心——重庆大笑堂影视文化工作室，负责《辣目视频》及新视频项目的制作运营。,北京春风画面文化传媒有限公司,北京市通州区运河核心区IV-07地块绿地大厦1号楼22层22218,110112023582508,2017-06-09,张健,867.3469万元人民币,91110112MA00F7BQ01
汇贷中国网,杭州汇拓资产管理有限公司,汇贷中国是一家P2P网上借贷平台，提供百分百本金保障，为投资、理财人士提供安全、高收益的投资理财产品，为中小企业提供无抵押信用贷款。,杭州汇拓资产管理有限公司,杭州市下城区环城北路92号608室,330103000072644,2009-07-29,何亚根,5000万人民币,913301036917259663,www.huidaichina.com
医械360,北京凯因孚生物科技有限公司,医械360（www.yixie360.com）是医疗器械全产业链平台，隶属于北京凯因孚生物科技有限公司。医械360以展示品牌厂商的产品为主，同时开发了产品定制、代理加盟、投融圈、第三方服务和资讯五个副版。医疗器械行业的各方人士，包括生产厂商、代工企业、投资方、经销商、医疗机构、医疗器械认证注册机构、维修和物流、财税和法律等，都能在医械360找到符合自身产品或服务推广的版面。医械360立志于解决了医疗器械行业各方信息割裂、不透明的问题，在促进医疗器械行业各方资源整合合作的前提下，挖掘行业创新技术和新产品、引导,北京凯因孚生物科技有限公司,北京市海淀区丰贤中路7号4号楼五层5009号,110114018038273,2014-10-20,沈馨儿,100万元人民币,91110114318090691N,www.yixie360.com
华夏征信,华夏征信有限公司,凭借值得信赖的商业信息与服务品牌—华夏信用20年的中国市场专业服务以及邓白氏长达170年的全球服务经验； 全球2.03亿企业信息；中国1031万活跃企业数据； 通过我们的专业咨询、调查、研究和服务团队，全方位协助客户进行风险管理、销售和市场拓展，充满信心地进行商业决策。,华夏征信有限公司,深圳市前海深港合作区前湾一路1号A栋201室(入驻深圳市前海商务秘书有限公司),440301109397328,2014-05-20,陈梓健,5000万人民币,91440300305999054Y,www.huaxiacredit.com
爱目云,杭州瞳创医疗科技有限公司,爱目云是一个眼科智能诊断平台，采用头戴式智能眼科设备，结合瞳孔识别跟踪技术，消除用户眼动造成的测试误差，并利用专利算法进行大数据挖掘和历史数据分析，主要用于青光眼、糖网病、高度近视等疾病的治疗。,杭州瞳创医疗科技有限公司,浙江省杭州经济技术开发区白杨街道21号大街600号5幢527室，杭州经济技术开发区白杨街道21号大街600号5幢527室,330100400060215,2016-10-18,Ming Cai,1000万元人民币,91330100MA27YW9U2J,www.shixunyi.com
和创电机,诸暨和创电机科技有限公司,和创电机是一个永磁涡流调速器研发商，自主研制开发的永磁涡流调速器、永磁调速离合器及其系列产品，颠覆了传统的机械传动的运行方式，实现了高效无接触、无摩擦传动，达到了节能减排，低碳环保，实现了节约能源和环境保护的目的。整体技术达到了国际较先进，国内较优的水平。本公司该系列产品共拥有 9 项专利，其中发明专利 8项，完全具有自主知识产权。,诸暨和创电机科技有限公司,浙江省诸暨市陶朱街道文种路15号,330681000076193,2010-04-27,李和良,4028万元人民币,913306815540472309,www.hiestmagnet.cn
Hey VR,成都嘿嘿科技有限公司,HEY VR是一家以虚拟现实为介质的影视制作发行公司。致力于创造身临其境的VR体验，为客户品牌提供VR创意内容，线上传播发行，线下互动营销，三位一体的品牌营销解决方案。,成都嘿嘿科技有限公司,中国（四川）自由贸易试验区成都高新区天府五街200号6栋A区1-2楼,510109000681208,2015-11-23,刘贤深,111.111111万元人民币,91510100MA61RMXM6F,www.imheihei.com
中国天辰,中国天辰工程有限公司,中国天辰工程有限公司前身为化工部第一设计院，始建于一九五三年，是化工系统最早的国家级设计单位。多年来，天辰公司以不断创新的理念，致力于在实践中探索设计体制和项目运行模式改革的新思路，逐步从单一的工程设计向设计、采购和施工管理的总承包模式过度，已使天辰公司成为了与国际接轨的工程公司。多次被建设部评为全国勘察设计综合实力百强单位，连续入选美国《工程新闻》杂志( enr )公布的 225 家全球最大国际承包商。,中国天辰工程有限公司,北辰区京津路1号,120000000001586,1992-10-26,袁学民,50000万元人民币,91120113103063864L,www.china-tcc.com
汇川科技,福建汇川物联网技术科技股份有限公司,汇川科技是一家工业自动化控制和新能源相关产品的研发、生产和销售商，目前公司主要产品包括：①服务于智能装备&工业机器人领域的工业自动化产品，包括各种变频器、伺服系统、控制系统、工业视觉系统、传感器等核心部件及电气解决方案，②服务于新能源汽车领域动力总成核心部件，包括各种电机控制器、辅助动力系统等，③服务于轨道交通领域牵引与控制系统，包括牵引变流器、辅助变流器、高压箱、牵引电机和TCMS等，④服务于设备后服务市场的工业互联网解决方案，包括智能硬件、信息化管理平台等。公司产品广泛应用于新能源汽车、电梯、空压机、机,福建汇川物联网技术科技股份有限公司,福州市鼓楼区乌山西路北侧（工业路451号）鼓楼科技商务中心大楼第九层,350105100019210,2010-03-18,郑文,9309.3634万元人民币,91350100550995479F,fjhctech.jsqqy.com
云计划软件科技,云计划软件科技（上海）有限公司,"""云计划软件科技（上海）有限公司，成立于2010年,注册资金1200万元。是国际IT服务及行业解决方案的提供商，通过CMMI3国际资质认证。遵循“IT即服务，运用云计算新的业务模式，将外包及应用程序，作为一种服务提供给客户！”的理念，为国内的众多企业客户提供高质量的程序应用及软件外包服务。""",云计划软件科技（上海）有限公司,上海市崇明县城桥镇运粮小区288号1幢401-2（上海崇明森林旅游园区）,310230000424487,2010-05-11,张君,1200万元人民币,91310230554341237J,www.cloud-soft.org
萌宠打泡泡,合肥华乐互动信息技术有限公司,萌宠打泡泡是一款以经典泡泡龙玩法为基础的游戏，更有众多精心设计的关卡以及丰富的挑战模式。隶属于合肥华乐互动信息技术有限公司。,合肥华乐互动信息技术有限公司,,340100000570954,2011-09-21,周燕,1000万元人民币,91340100583030876P,www.yxdown.com
福州睿动体育,福州睿动体育文化发展有限公司,福州睿动体育是一家健身及相关服务提供商，公司旗下拥有拥有线上独立APP和线下自有场馆以及Smartfit智能化健身系统，为用户提供健身预约以及相关服务等。,福州睿动体育文化发展有限公司,福建省福州市鼓楼区水部街道五一北路东侧正祥中心负一层B02号商铺-2,350102100397077,2015-12-14,林煌,164.475000万人民币,91350102MA3450R80B
云图海外仓,深圳云图海外仓国际物流有限公司,云图海外仓是一家国际运输代理业务服务商，主要为用户提供海运、空运、陆运进出口货物的国际运输代理业务，以及短途运输服务、运输咨询业务。,深圳云图海外仓国际物流有限公司,深圳市宝安区航城街道利锦社区利达路3达利花园29栋501,440306117002630,2016-08-01,许宜胜,100万元人民币,91440300MA5DHGPP8C
云艺,深圳市云银艺术文化传播有限公司,云艺是立足国内外的高端服务公司！,深圳市云银艺术文化传播有限公司,深圳市福田区泰然九路盛唐商务大厦西座1105,440301106564160,2012-09-18,陈新,100万元人民币,91440300053996892G,www.silverlining-art.com
红本节能,河北红本节能科技有限公司,红本节能是一家LED照明产品生产商，公司主要产品包括雷达自动感应控制器、红外自动感应控制开关、红外感应楼道专用灯、二极管、LED配套电源等，并为用户提供项目施工服务及照明解决方案。,河北红本节能科技有限公司,石家庄桥西区红旗大街236号,130100000365371,2011-05-26,张铁锋,500万元人民币,91130100575527727G
金农网,黑龙江金农信息技术有限公司,黑龙江金农信息技术有限公司成立于2005年，专业面向涉农企业和农民提供农业信息、电子商务和广告宣传。公司以“致力农业信息化，助力新农村建设”为己任，公司远景是让中国亿万农民利用互联网创造价值。,黑龙江金农信息技术有限公司,哈尔滨开发区南岗集中区黄河路117号黄河大厦704室,230199100056273,2005-10-27,沈圣冰,100万元人民币,91230199775049168H,www.jinnong.cn
Formax福亿,深圳福迈斯科技有限公司,金融圈是一个一站式金融交易社区，提供股票、基金、外汇、商品等多种投资品种在线投资服务，Formax集团旗下深圳福迈斯科技有限公司开发运营。,深圳福迈斯科技有限公司,深圳市南山区粤海街道高新南六道航盛科技大厦19F,440301109769076,2014-07-04,胡汉陵,20000万元人民币,91440300306208947H,formaxmarket.com
鱼贝贝,宁波市鱼贝贝海洋食品有限公司,宁波市鱼贝贝海洋食品有限公司是一家海洋食品生产商。,宁波市鱼贝贝海洋食品有限公司,浙江省宁波市鄞州区江东北路368弄,330204000050218,2009-07-30,陈驰,150万元人民币,9133021269137529X8
广州金航,广州金航游轮股份有限公司,广州金航游轮股份有限公司设立日期 2003 年 9 月 30 日，在2017 年 6 月 21 日设立广州金航游轮股份公司。其主要包含行业有广告业、商品零售贸易（许可审批类商品除外）、向游客提供旅游等代理服务（不涉及旅行社业务）、大型活动组织策划服务、票务服务等。是一家集水上衣、食、住、行于一体的游览观光服务商。,广州金航游轮股份有限公司,广州市荔湾区芳村大道中278号201房,440101000181948,2003-09-30,李迎建,3000万元人民币,91440101755554378W
兰州中汇达,大连中汇达科学仪器有限公司,中汇达信息科技（大连）有限公司是恒生电子健康医疗事业在全国范围内的战略合作伙伴。恒生电子股份有限公司于2003年12月在上海证券交易所主板上市（代码600570）是中国领先的金融软件和网络服务供应商，业务范围包括证券、基金、期货、银行、信托、保险、财资管理、通信、电子商务等。恒生电子股份有限公司总部设在杭州，在全国28个主要城市设有分公司或办事处，在日本、美国、香港设有分支机构。是国家规划布局内重点软件企业、国家重点高新技术企业以及国家火炬计划软件产业基地骨干企业，为中国十大自主品牌软件供应商。,大连中汇达科学仪器有限公司,辽宁省大连市甘井子区西南路979-1-5号,210200000130743,2002-02-04,崔贺民,1000万元人民币,91210200732784146T,www.zhonghuida.com.cn
启迪古汉,启迪古汉集团股份有限公司,"""启迪古汉集团股份有限公司是一家集中成药、西药制剂和生化制药为一体,主要生产以""""古汉养生精""""为代表的中药系列产品，以各类输液为代表的西药制剂系列产品,以及以""""人血白蛋白""""为代表的血液制品系列产品，为湖南省高新技术企业,属医药制造行业，是全国中成药工业重点企业五十强之一，全国目前最大的中、西、生化制药联合生产企业之一。""",启迪古汉集团股份有限公司,湖南省衡阳市高新区杨柳路33号,430000000032950,1993-11-12,王书贵,23947.1267万元人民币,91430400185034724L,www.guhan.com
正龙数据,陕西正龙科技发展有限公司,四博互联是一个云数据服务商，隶属于陕西正龙科技发展有限公司，该成立于2005年，是一家致力于基础互联网应用标准化产品、云计算综合服务解决方案的互联网业务服务企业，是中国领先的专业IDC运营服务商，专注于基础互联网业务服务，是西北地区域名注册、虚拟主机、企业邮局、云VPS、主机租用等企业应用服务，及私有云计算、高端门户网站、网络安全、CDN加速、电子邮局等综合服务解决方案服务商。,陕西正龙科技发展有限公司,陕西省咸阳市秦都区西兰路华商大厦,610400100002041,2001-08-17,王继芳,130万元人民币,91610400730414811T,www.zlnic.net
晨北科技,深圳市晨北科技有限公司,晨北科技是一家智能电子产品、计算机硬件、电子器件、通讯器材及软件的开发商。,深圳市晨北科技有限公司,深圳市南山区中山园路1001号TCL国际E城F3栋五楼AB单元,440306106900072,2013-02-27,杨琳,2850万元人民币,91440300062743862P
美宜家酒店,上海美宜家酒店管理有限公司,美宜家酒店是一家连锁品牌酒店，专注于提供酒店服务，隶属于上海美宜家酒店管理有限公司。,上海美宜家酒店管理有限公司,上海市奉贤区南虹路8号2264室,310120003267804,2016-06-22,娄延川,1000万元人民币,91310120MA1HL3LJ6C,www.myjhotel.com
联保龙江,黑龙江联保龙江保险经纪有限责任公司,黑龙江联保龙江保险经纪有限责任公司是一家保险中介服务公司，在全国区域内为投保人拟订投保方案、选择保险人、办理投保手续；协助被保险人或受益人进行索赔；再保险经纪业务；为委托人提供防灾、防损或风险评估、风险管理咨询服务等。,黑龙江联保龙江保险经纪有限责任公司,哈尔滨经开区南岗集中区长江路398号601室,,2017-09-01,张旭阳,5000万元人民币,91230199775479125M
美人妆,深圳港云科技有限公司,美人妆是一个美妆应用APP，结合自身扎实的图像美化、人脸识别、等技术功底，与众多优质KOL及专业彩妆老师合作，成为让用户进行美妆学习和分享交流相关资讯的平台。提供专业原创美妆视频及图文教程，人气美妆意见领袖的参与，带动用户发生内容和分享，形成高频互动的强粘性社群。,深圳港云科技有限公司,深圳市南山区高新中四道31号研祥科技大厦10楼B1单元,440301107051561,2013-03-29,苏健文,318.8267万元人民币,914403000654893960,www.ule88.cn
游牧者房车,游牧者（北京）科技发展有限公司,游牧者房车是一家房车企业，集旅游房车、旅居车、旅行车、拖挂式房车等设计、研发、生产、国内外销售为一体。,游牧者（北京）科技发展有限公司,北京市朝阳区慧忠路5号13层C1305,110108018810680,2015-03-26,黄彩霞,100万元人民币,911101083355192857,www.ronover.cn
厦门诚大,厦门诚大鞋业有限公司,厦门诚大是一家主营鞋类产品的国际贸易进出口有限公司。,厦门诚大鞋业有限公司,,350203200011236,2006-02-28,康伟琼,518万元人民币,913502067841579106,www.bestwinn.com
广州惠侨,广州惠侨计算机科技有限公司,广州惠侨是一家专注于提供多层次医疗信息化解决方案的高新技术企业，是国内检验信息系统和健康体检系统的专家，属于广州阳普医疗科技股份有限公司全资子公司。广州惠侨多层次的产品解决方案如下：（1）以专业科室为核心的检验信息系统和健康体检系统等专业产品；（2）以数字化医院为主体的医院信息系统；（3）以医联体、集团医院为方向的集成交互平台、临床数据中心等产品；（4）以互联网为方向的移动医疗产品。,广州惠侨计算机科技有限公司,广州市白云区北太路1633号广州民营科技园科盛路8号配套服务大楼B406房,440111000303251,2000-04-05,李铁,1000万元人民币,914401017219303123,www.hope-bridge.com
Wise2c睿云智合,深圳睿云智合科技有限公司,Wise2c睿云智合是一家PaaS平台与行业应用云提供商，公司致力于云计算/容器技术在金融保险行业咨询推广和落地实践，以及基于容器的私有PaaS 平台和行业应用云平台产品研发和实施，目前公司产品包括WiseBuild、WiseRun以及WiseMarket。,深圳睿云智合科技有限公司,深圳市南山区粤海街道科技园高新南四道创维半导体设计大厦东座11楼A08,440301104967158,2010-09-28,钟巧红,1000万元人民币,91440300561510166W,www.wise2c.com
易泊科技,北京易泊时代科技有限公司,易泊科技是一家智能停车场系统解决方案供应商，通过研发车牌识别、车牌识别系统和软件一体机，为用户和企业提供智能停车场系统、停车场收费系统、停车场管理系统以及智能停车场计费系统等技术支持，公司致力于推动中国智慧停车产业的发展。,北京易泊时代科技有限公司,北京市海淀区知春路7号A705单元,110108017718394,2014-08-13,尹礼俊,2000万元人民币,91110108306590613D,www.eparking.com.cn
币鱼,厦门百汇入川网络服务有限公司,币鱼是一个数字资产行情交易交流社区。,厦门百汇入川网络服务有限公司,中国(福建)自由贸易试验区厦门片区翔云一路40号盛通中心之二A区398单元,,2016-04-18,曾红,2万元人民币,91350200MA347JDA03,www.biyucaijing.com
朗德医疗,湖北朗德医疗科技有限公司,朗德医疗是一家核酸检测试剂盒研发商，依托武汉大学病毒学国家重点实验室组建，产品包括诺如病毒核酸检测试剂盒、人鼻病毒核酸检测试剂盒、人博卡病毒核酸检测试剂盒等。是一家集生物制品研发、产学研结合、科研成果转化为一体的高新技术企业。取得了取得诺如病毒核酸检测试剂盒（PCR-荧光探针法）、人博卡病毒核酸检测试剂盒(PCR-荧光探针法)、人鼻病毒核酸检测试剂盒（PCR-荧光探针法）三个产品的注册证书 。,湖北朗德医疗科技有限公司,宜昌市西陵经济开发区西湖路,420500000164656,2013-04-02,朱世新,336万元人民币,914205000661001272
万博智电,成都万博智能电力科技股份有限公司,成都万博智能电力科技股份有限公司主营业务为电力安全智能保护装置、电力监控及能源管理软件的研发、生产与销售。公司的主要产品为：智能系统解决方案、电弧光保护产品、电力保护及测控装置、智能电网输配装置，产品应用于电力、建筑、工业、交通、数据中心等行业。产品可提高供电系统的稳定性、自动化水平、节能水平、事故分析水平。,成都万博智能电力科技股份有限公司,成都市武侯区武科西五路125号第8层,510107000383854,2011-06-28,陈小东,2431万元人民币,91510100577370540F,www.wanboi.com
中皖辉达,安徽中皖辉达信息服务股份有限公司,中皖辉达是一家以面向海外的房屋置换、金融信息服务、物业管理等为一体的多元化股份公司，面向合肥市房地产经纪业，已开发一站式集房产交易过户、按揭办理等一体化的二手房交易服务中心。,安徽中皖辉达信息服务股份有限公司,安徽省合肥市庐阳区宿州路72号宏图大厦16层,340000000019073,2003-09-26,许鸣,10162.7263万元人民币,913401007548632595,www.huidahouse.cn
沁游假期,广州沁游商务服务有限公司,沁游假期是一家高端私人定制旅游服务商，针对拥有消费力强的中产阶级提供私人定制游服务。其主要产品为遇岛，针对冷门目的地的出境游定制和冷门海岛旅游，同时提供创意拍摄服务。,广州沁游商务服务有限公司,广州市荔湾区芳村大道东146号1栋自编6栋二楼206房（临时经营场所有期至2019年10月31日）（仅限办公用途）,440104000435767,2014-05-23,陈桂娜,137.25万元人民币,91440103304320564G,www.cheeruholidays.com
九岭赛车场,湖南九岭汽车运动文化有限公司,集汽车越野，汽车旅馆，汽车露营，户外拓展等活动于一体的山水园林式汽车公园和乡村旅游户外活动体验地。目前九岭赛车场已完成赛道和相关基础设施的建设，已成功举办“永通杯汽车越野争霸赛”、“2012年湖南汽车越野年度总决赛”、两届“银河国际杯”、“全国越野汽车争霸赛”等十多次全国汽车场地越野赛事。,湖南九岭汽车运动文化有限公司,,430722000015554,2011-04-21,王立初,15000万元人民币,91430722572240245H,www.my9018.com
聚光科技,聚光科技（杭州）股份有限公司,聚光科技（杭州）股份有限公司2002年1月注册成立于浙江省杭州市国家高新技术产业开发区， 2009年完成股份制改造，2011年4月上市，注册资金4.45亿元人民币，是环境与安全分析检测仪器生产商与系统解决方案供应商。公司拥有国际一流的研发、营销、应用服务和供应链团队，致力于业界最前沿的各种分析检测技术研究与应用开发，产品广泛应用于环保、冶金、石化、化工、能源、食品、农业、交通、水利、建筑、制药、酿造、航空及科学研究等众多行业，并出口到美、日、英、俄罗斯等二十多个国家和地区。,聚光科技（杭州）股份有限公司,杭州市滨江区滨安路760号,330100400005508,2002-01-04,叶华俊,45251.74万元人民币,91330000734500338C,www.doghj.com
同行吧,河南思行合一网络科技有限公司,河南思行合一网络科技有限公司一期主营业务是开发了一款手机拼车软件“同行吧”，可满足各种用户不同的出行需求，比如长短途，计划出行和临时出行，让司、乘人员最优搭配，最大可能利用闲散运力满足乘客出行需求，打造绿色出行新方式，满足全国每天千万次级别的城际出行需求。,河南思行合一网络科技有限公司,郑州市郑东新区九如东路6号17号楼2单元1层27号,410101000165484,2015-01-16,胡科,100万元人民币,9141010032691032XY
沃西贸易,广州沃西贸易有限公司,"""这是一家以原色编织时尚,以自然点缀生活。源自北欧极简主义，不需要过多的花样，回归自然，展现出一种朴素、清新、原始之美，反映出现代都市人进入新时代的取向和旋律的服装品牌。 oce品牌以“风格即生活”为理论，品牌灵感源自北欧的简约主义，将简洁的北欧风情延伸至服装甚至更多的领域，把自然灵感融入潮流时尚之中，摒弃花样繁复的设计，更多的心思着重于材质的精挑细选，工艺的至纯至真，把舒适体检放在首位。在貌似不经意的搭配之下，绽放出浑然天成的夺目光彩。""",广州沃西贸易有限公司,广州市越秀区广州大道中179、205号三楼自编309房,440106000838198,2013-10-10,陈华喜,100万元人民币,91440106080358968M

